name,datetime,tempmax,tempmin,temp,feelslikemax,feelslikemin,feelslike,dew,humidity,precip,precipprob,precipcover,preciptype,snow,snowdepth,windgust,windspeed,winddir,sealevelpressure,cloudcover,visibility,solarradiation,solarenergy,uvindex,severerisk,sunrise,sunset,moonphase,conditions,description,icon,stations
69361,2022-01-01,11.9,-4.8,2.3,2.6,-17.5,-6.4,-4.9,71.4,0.01,100,4.17,snow,0.5,1.1,,9.1,164.2,1022.9,50.2,7.4,86.8,7.5,5,,2022-01-01T07:22:28,2022-01-01T16:34:21,0.99,"Snow, Partially cloudy",Clearing in the afternoon with early morning snow.,snow,"TRGW4,72576394053,KBFF,K1CW,72097999999,72566024028,SBFN1,WACLG,KTOR"
69361,2022-01-02,42.1,-7.6,20.1,33.8,-22.2,11.4,5.8,56.4,0,0,0,,0,0.9,32.1,18.2,299,1025.7,0,9.9,122.4,10.7,5,,2022-01-02T07:22:32,2022-01-02T16:35:14,1,Clear,Clear conditions throughout the day.,clear-day,"TRGW4,72576394053,KBFF,K1CW,72097999999,72566024028,SBFN1,WACLG,KTOR"
69361,2022-01-03,51,17.6,31.5,51,6.3,27.5,13.8,51.6,0,0,0,,0.6,0.4,32.2,10.4,214.8,1017.5,0.3,9.9,88.7,7.6,5,,2022-01-03T07:22:33,2022-01-03T16:36:08,0,Clear,Clear conditions throughout the day.,snow,"72576394053,TRGW4,KBFF,K1CW,72097999999,72566024028,SBFN1,WACLG,KTOR"
69361,2022-01-04,49.9,22.9,33.1,42.1,9.6,23.9,14.4,48.5,0,0,0,,0.8,0.3,58.3,36.8,283.8,1010.1,46.8,9.7,88.7,7.7,5,,2022-01-04T07:22:33,2022-01-04T16:37:04,0.02,Partially cloudy,Becoming cloudy in the afternoon.,snow,"TRGW4,72576394053,KBFF,K1CW,72097999999,72566024028,SBFN1,WACLG,KTOR"
69361,2022-01-05,21.7,-1,7.5,18,-18,-5.2,1.2,74.9,0.36,100,62.5,snow,2.3,1.6,26.4,14.9,237.4,1022.4,62.7,4.5,23.6,2,1,,2022-01-05T07:22:30,2022-01-05T16:38:01,0.05,"Snow, Partially cloudy",Partly cloudy throughout the day with snow.,snow,"TRGW4,72576394053,KBFF,K1CW,72097999999,72566024028,SBFN1,WACLG,KTOR"
69361,2022-01-06,15.1,-2.1,5.1,1.9,-15.2,-5.3,-1.9,72.4,0.05,100,16.67,snow,1.7,4,38,18.5,139.5,1025.1,91,7.2,52.5,4.5,2,,2022-01-06T07:22:24,2022-01-06T16:39:00,0.09,"Snow, Overcast",Cloudy skies throughout the day with snow.,snow,"72576394053,TRGW4,KBFF,K1CW,72097999999,72566024028,SBFN1,WACLG,KTOR"
69361,2022-01-07,30.2,2.2,15,27.5,-11.2,5.5,8.4,74.6,0,0,0,,0.5,4.7,,11.3,127.8,1009.6,0.1,9.9,107.8,9.3,5,,2022-01-07T07:22:16,2022-01-07T16:40:01,0.14,Clear,Clear conditions throughout the day.,snow,"72576394053,TRGW4,KBFF,K1CW,72097999999,72566024028,SBFN1,WACLG,KTOR"
69361,2022-01-08,43,22.5,35.4,37.6,11.9,28.1,24.5,64.8,0,0,0,,0,3.6,29.8,20.8,201.6,1012.4,49.2,9.9,72.3,6.3,4,,2022-01-08T07:22:06,2022-01-08T16:41:02,0.19,Partially cloudy,Partly cloudy throughout the day.,partly-cloudy-day,"TRGW4,72576394053,KBFF,K1CW,72097999999,72566024028,SBFN1,WACLG,KTOR"
69361,2022-01-09,40.9,14,26.7,34.1,3.5,19.1,15.5,63.8,0,0,0,,0,1.9,33.3,19.5,215.8,1033,8.2,9.9,125,11,5,,2022-01-09T07:21:54,2022-01-09T16:42:05,0.24,Clear,Clear conditions throughout the day.,clear-day,"TRGW4,72576394053,KBFF,72097999999,K1CW,72566024028,SBFN1,KTOR"
69361,2022-01-10,49.9,14.4,30.2,49.9,5.4,25.3,16.9,59.7,0,0,0,,0,1.2,23,10.3,277.2,1033.4,0,9.9,133.5,11.6,5,10,2022-01-10T07:21:39,2022-01-10T16:43:09,0.28,Clear,Clear conditions throughout the day.,clear-day,"TRGW4,72576394053,KBFF,K1CW,72097999999,F1433,72566024028,SBFN1,WACLG,KTOR"
69361,2022-01-11,47.8,25.3,37.3,43.6,17.4,30.2,17.4,44.9,0,0,0,,0.2,0.9,28.9,18.1,288.8,1025,0.2,9.9,98.4,8.4,5,10,2022-01-11T07:21:22,2022-01-11T16:44:14,0.33,Clear,Clear conditions throughout the day.,snow,"72576394053,TRGW4,KBFF,K1CW,72097999999,F1433,72566024028,SBFN1,WACLG,KTOR"
69361,2022-01-12,49.9,27.1,38.4,44.5,20.4,32.3,23.8,56.4,0,0,0,,2.7,1.8,30,21.8,296.3,1023.2,0,9.9,102.9,9,4,10,2022-01-12T07:21:02,2022-01-12T16:45:21,0.38,Clear,Clear conditions throughout the day.,snow,"72576394053,TRGW4,KBFF,K1CW,72097999999,72566024028,SBFN1,WACLG,KTOR"
69361,2022-01-13,53.9,31,41.3,53.9,25.1,38.4,26.6,57.2,0,0,0,rain,0.8,2.4,19.7,8.3,278.7,1019.9,11.5,9.9,100.4,8.7,5,10,2022-01-13T07:20:41,2022-01-13T16:46:28,0.41,Clear,Clear conditions throughout the day.,snow,"TRGW4,72576394053,KBFF,K1CW,72097999999,72566024028,SBFN1,WACLG,KTOR"
69361,2022-01-14,44.8,24.1,35.9,37.4,15.2,26.1,23.1,60.3,0,0,0,snow,0.6,1.8,55,40,326.3,1022.8,70.7,9.9,49,4.2,3,10,2022-01-14T07:20:17,2022-01-14T16:47:37,0.45,Partially cloudy,Partly cloudy throughout the day.,snow,"72576394053,TRGW4,KBFF,K1CW,72097999999,F1433,72566024028,SBFN1,WACLG,KTOR"
69361,2022-01-15,46.1,15.1,30.2,44.1,7.4,25.1,18.9,65,0,0,0,,0,2,18.3,11.5,236.3,1027,4.9,9.9,129.5,11.3,6,10,2022-01-15T07:19:50,2022-01-15T16:48:46,0.47,Clear,Clear conditions throughout the day.,clear-day,"TRGW4,72576394053,KBFF,K1CW,72097999999,72566024028,SBFN1,WACLG,KTOR"
69361,2022-01-16,49.8,24.3,34.7,42.4,18.1,29.2,20.6,58.2,0,0,0,,0,1.8,35.6,26.2,285.2,1019.7,3.7,9.9,114,9.8,5,10,2022-01-16T07:19:22,2022-01-16T16:49:56,0.49,Clear,Clear conditions throughout the day.,clear-day,"TRGW4,72576394053,KBFF,K1CW,72097999999,72566024028,SBFN1,WACLG,KTOR"
69361,2022-01-17,60,21.2,36.8,60,13.4,32.5,19.5,54.9,0,0,0,,0,1,32.1,19.4,280.4,1013.3,0.2,9.9,118.9,10.3,5,10,2022-01-17T07:18:51,2022-01-17T16:51:07,0.5,Clear,Clear conditions throughout the day.,clear-day,"72576394053,TRGW4,KBFF,K1CW,72097999999,72566024028,SBFN1,WACLG,KTOR"
69361,2022-01-18,55,26.9,39.6,55,16,34.4,21,49.5,0,0,0,snow,0.8,0.3,31.1,19.6,213.1,1011.1,40.1,9.9,80.8,7,4,10,2022-01-18T07:18:18,2022-01-18T16:52:19,0.5,Partially cloudy,Becoming cloudy in the afternoon.,snow,"TRGW4,72576394053,KBFF,K1CW,72097999999,72566024028,SBFN1,WACLG,KTOR"
69361,2022-01-19,25,8.1,16.1,14.9,-3.2,5.9,9,73.4,0.04,100,16.67,snow,0.5,1.1,12.5,10.4,96.9,1031.4,91.4,6.7,63.8,5.6,4,10,2022-01-19T07:17:43,2022-01-19T16:53:32,0.52,"Snow, Overcast",Cloudy skies throughout the day with snow in the morning and afternoon.,snow,"TRGW4,72576394053,KBFF,K1CW,72097999999,72566024028,SBFN1,WACLG,KTOR"
69361,2022-01-20,30.9,1.2,15.3,25.8,-8.8,8.8,9.3,77.2,0,0,0,,0.2,1.2,13.4,11.6,179,1029.7,1.3,9.9,142.8,12.2,6,10,2022-01-20T07:17:06,2022-01-20T16:54:45,0.53,Clear,Clear conditions throughout the day.,snow,"TRGW4,72576394053,KBFF,K1CW,72097999999,72566024028,SBFN1,WACLG,KTOR"
69361,2022-01-21,42.1,22,32.4,34.2,11,25.1,27.7,83,0.19,100,20.83,"rain,freezingrain,snow",0.1,1.1,27.7,18.3,263.5,1022.4,55.3,8.6,84,7.3,4,10,2022-01-21T07:16:27,2022-01-21T16:55:59,0.56,"Snow, Rain, Freezing Drizzle/Freezing Rain, Partially cloudy",Partly cloudy throughout the day with rain or snow clearing later.,snow,"72576394053,TRGW4,KBFF,K1CW,72097999999,72566024028,SBFN1,WACLG,KTOR"
69361,2022-01-22,43,17,29.8,36.3,8.8,23.4,20.6,70.1,0,0,0,,0.9,0.7,25.9,15,271.8,1026.6,3.8,9.9,136,11.8,6,10,2022-01-22T07:15:45,2022-01-22T16:57:13,0.6,Clear,Clear conditions throughout the day.,snow,"TRGW4,72576394053,KBFF,K1CW,72097999999,72566024028,SBFN1,WACLG,KTOR"
69361,2022-01-23,53,30,38.4,53,23,32.2,21.8,53.2,0,0,0,,0,1.1,29.9,19.7,291.8,1018.1,21.7,9.9,125.8,10.8,6,10,2022-01-23T07:15:02,2022-01-23T16:58:28,0.65,Partially cloudy,Partly cloudy throughout the day.,partly-cloudy-day,"TRGW4,72576394053,KBFF,K1CW,72097999999,72566024028,SBFN1,WACLG,KTOR"
69361,2022-01-24,44.8,29,35.3,38.7,20,28.3,22.8,61.3,0,0,0,snow,1.1,0.4,29.7,19.6,246.7,1014.9,29.1,9.6,138.6,11.9,6,10,2022-01-24T07:14:16,2022-01-24T16:59:43,0.7,Partially cloudy,Becoming cloudy in the afternoon.,snow,"TRGW4,72576394053,KBFF,K1CW,72097999999,72566024028,SBFN1,WACLG,KTOR"
69361,2022-01-25,31.9,21.7,28.5,28.8,14,21.1,22.6,78.9,0.02,100,8.33,"rain,snow",0.6,1.3,25.5,16.8,179.5,1024.2,71.4,8.9,74.6,6.3,4,10,2022-01-25T07:13:29,2022-01-25T17:00:59,0.75,"Snow, Rain, Partially cloudy",Partly cloudy throughout the day with early morning snow or rain.,snow,"TRGW4,72576394053,KBFF,K1CW,72097999999,72566024028,SBFN1,KTOR"
69361,2022-01-26,43.9,23.9,31.9,37.9,12.9,23.4,15.9,53.6,0,0,0,,0.9,1.4,34.4,22.7,265,1019.7,2.2,9.9,127.2,10.9,6,10,2022-01-26T07:12:39,2022-01-26T17:02:15,0.81,Clear,Clear conditions throughout the day.,snow,"TRGW4,72576394053,KBFF,K1CW,72097999999,72566024028,SBFN1,WACLG,KTOR"
69361,2022-01-27,37,20,29.6,25.8,10.2,21,17.9,62.5,0,0,0,,0.2,1.8,34.6,25.1,307.4,1029.2,63.4,9.9,80.2,6.8,3,10,2022-01-27T07:11:48,2022-01-27T17:03:32,0.86,Partially cloudy,Partly cloudy throughout the day.,snow,"72576394053,TRGW4,KBFF,K1CW,72097999999,72566024028,SBFN1,WACLG,KTOR"
69361,2022-01-28,48.7,16.2,32.3,42.9,8,23.9,12,47.2,0,0,0,,0.1,1.7,29.6,17.3,291.3,1029.2,16,9.9,153.6,13.1,6,10,2022-01-28T07:10:55,2022-01-28T17:04:48,0.91,Clear,Clear conditions throughout the day.,snow,"TRGW4,72576394053,KBFF,K1CW,72097999999,72566024028,SBFN1,WACLG,KTOR"
69361,2022-01-29,56.8,25.2,38.6,56.8,17.3,33.4,9.9,34,0,0,0,,0.3,0.9,31.1,19.6,296.5,1021.4,0,9.9,146.2,12.5,5,10,2022-01-29T07:10:00,2022-01-29T17:06:05,0.95,Clear,Clear conditions throughout the day.,snow,"TRGW4,72576394053,KBFF,72097999999,K1CW,72566024028,SBFN1,WACLG,KTOR"
69361,2022-01-30,56.8,18.1,33.7,56.8,9.5,30,13.3,49.9,0,0,0,,0,0.1,25.3,17.2,301.4,1017.6,0,9.9,145.8,12.5,6,10,2022-01-30T07:09:03,2022-01-30T17:07:22,0.98,Clear,Clear conditions throughout the day.,clear-day,"TRGW4,72576394053,KBFF,K1CW,72097999999,72566024028,SBFN1,WACLG,KTOR"
69361,2022-01-31,56.8,21.1,36.3,56.8,12.5,30.8,12.6,43.9,0,0,0,,0,0,54,33.5,221.2,1008.9,1.2,9.9,94,8.1,6,10,2022-01-31T07:08:04,2022-01-31T17:08:40,1,Clear,Clear conditions throughout the day.,wind,"72576394053,TRGW4,KBFF,K1CW,72097999999,F1433,72566024028,SBFN1,WACLG,KTOR"
69361,2022-02-01,31.9,15.9,24.8,23.9,4.1,15.1,12.8,60.5,0.01,100,4.17,snow,2,0.7,19.5,14.8,180.1,1019.1,60.2,9.4,118.4,10.2,6,10,2022-02-01T07:07:03,2022-02-01T17:09:57,0,"Snow, Partially cloudy",Partly cloudy throughout the day with afternoon snow.,snow,"TRGW4,72576394053,KBFF,K1CW,72097999999,72566024028,SBFN1,WACLG,KTOR"
69361,2022-02-02,15.9,-5,8.4,4.4,-17.6,-5.2,1.8,74.6,0.16,100,58.33,snow,1.8,2,17.7,16.1,102,1030.3,83.8,4.4,92.6,8.1,4,10,2022-02-02T07:06:01,2022-02-02T17:11:14,0.01,"Snow, Partially cloudy",Partly cloudy throughout the day with a chance of snow throughout the day.,snow,"TRGW4,72576394053,KBFF,K1CW,72097999999,72566024028,SBFN1,WACLG,KTOR"
69361,2022-02-03,21.8,-5,6,14,-23.4,-5.1,-2.2,69.5,0,0,0,,0.4,2,27.7,11.6,212.3,1031.6,0,9.9,175.3,15.3,7,10,2022-02-03T07:04:57,2022-02-03T17:12:32,0.03,Clear,Clear conditions throughout the day.,snow,"TRGW4,72576394053,KBFF,K1CW,72097999999,72566024028,SBFN1,WACLG,KTOR"
69361,2022-02-04,42,7,24.1,35.9,-5.5,15.3,10.4,56.7,0,0,0,,0,1.7,31.1,16,281.8,1030.8,21.1,9.9,172.9,14.9,7,10,2022-02-04T07:03:51,2022-02-04T17:13:49,0.07,Partially cloudy,Clearing in the afternoon.,partly-cloudy-day,"72576394053,TRGW4,KBFF,K1CW,72097999999,F1433,72566024028,SBFN1,WACLG,KTOR"
69361,2022-02-05,49.8,30,40.1,42.7,23,32,17.5,41.6,0,0,0,,0.2,0.9,40.1,25.3,289,1018.4,7.2,9.9,169.8,14.7,7,10,2022-02-05T07:02:44,2022-02-05T17:15:07,0.11,Clear,Clear conditions throughout the day.,snow,"72576394053,TRGW4,KBFF,K1CW,72097999999,F1433,72566024028,SBFN1,WACLG,KTOR"
69361,2022-02-06,44.9,25.1,34.3,38.4,15.1,26.3,22,62.4,0,0,0,,0,0.1,30,20.7,301.2,1026.9,43.1,9.9,139.7,11.8,6,10,2022-02-06T07:01:35,2022-02-06T17:16:24,0.15,Partially cloudy,Partly cloudy throughout the day.,partly-cloudy-day,"TRGW4,72576394053,KBFF,K1CW,72097999999,F1433,72566024028,SBFN1,WACLG,KTOR"
69361,2022-02-07,55.9,22,38.7,55.9,11.3,32.8,16.3,45,0,0,0,,0,0,36.9,19.7,291.2,1024.1,0.1,9.9,175.1,15.1,7,10,2022-02-07T07:00:25,2022-02-07T17:17:41,0.2,Clear,Clear conditions throughout the day.,clear-day,"TRGW4,72576394053,KBFF,K1CW,72097999999,F1433,72566024028,SBFN1,WACLG,KTOR"
69361,2022-02-08,51.1,29.2,42,51.1,21.4,35.6,14.7,34.3,0,0,0,,0,0,40.2,28.9,298.6,1019.4,0.3,9.9,170.3,14.7,7,10,2022-02-08T06:59:13,2022-02-08T17:18:58,0.25,Clear,Clear conditions throughout the day.,clear-day,"72576394053,TRGW4,KBFF,K1CW,72097999999,F1433,72566024028,SBFN1,WACLG,KTOR"
69361,2022-02-09,51.1,29.1,38.4,51.1,21,31.6,20.9,51.5,0,0,0,,0,0,36.8,21.6,307.8,1020.1,55.9,9.9,131.3,11.3,6,10,2022-02-09T06:58:00,2022-02-09T17:20:15,0.29,Partially cloudy,Partly cloudy throughout the day.,partly-cloudy-day,"TRGW4,72576394053,KBFF,K1CW,72097999999,F1433,72566024028,SBFN1,WACLG,KTOR"
69361,2022-02-10,56.8,27.1,41.7,56.8,19.6,37.3,26,57.1,0,0,0,,0,0,41.3,27.7,299.1,1013.6,26,9.9,98.8,8.5,4,10,2022-02-10T06:56:45,2022-02-10T17:21:32,0.34,Partially cloudy,Clearing in the afternoon.,partly-cloudy-day,"TRGW4,72576394053,KBFF,K1CW,72097999999,F1433,72566024028,SBFN1,WACLG,KTOR"
69361,2022-02-11,40.8,23,34.2,34.9,12.3,23.4,20.9,59.2,0,0,0,,0,0,47.7,31,300.5,1021.1,64.2,9.8,82.7,7.1,4,10,2022-02-11T06:55:29,2022-02-11T17:22:49,0.38,Partially cloudy,Partly cloudy throughout the day.,wind,"TRGW4,72576394053,KBFF,K1CW,72097999999,72566024028,SBFN1,WACLG,KTOR"
69361,2022-02-12,46.1,15.2,31.2,38.3,6.4,23.2,12.7,51.5,0,0,0,,0,0,36.8,21.9,302.8,1028.6,57.4,9.9,150.4,13,7,10,2022-02-12T06:54:11,2022-02-12T17:24:06,0.42,Partially cloudy,Partly cloudy throughout the day.,partly-cloudy-day,"TRGW4,72576394053,KBFF,K1CW,72097999999,F1433,72566024028,SBFN1,WACLG,KTOR"
69361,2022-02-13,60,18.1,37.5,60,11.1,33.6,14.6,44.5,0,0,0,,0,0,30,19.7,294.9,1023.3,0,9.9,183.4,15.8,7,10,2022-02-13T06:52:52,2022-02-13T17:25:22,0.45,Clear,Clear conditions throughout the day.,clear-day,"72576394053,TRGW4,KBFF,K1CW,72097999999,F1433,72566024028,SBFN1,WACLG,KTOR"
69361,2022-02-14,58.9,20.3,38.4,58.9,10.5,34.7,16.7,46.7,0,0,0,,0,0,32.2,19.8,168.5,1017.3,0.3,9.9,168.3,14.5,7,10,2022-02-14T06:51:32,2022-02-14T17:26:38,0.48,Clear,Clear conditions throughout the day.,clear-day,"TRGW4,72576394053,KBFF,K1CW,72097999999,F1433,72566024028,SBFN1,WACLG,KTOR"
69361,2022-02-15,60.1,23.3,38.7,60.1,19.2,34.9,19,50,0,0,0,,0.8,0.3,35.6,23.7,154.6,1006,0.5,9.9,102.1,8.6,5,10,2022-02-15T06:50:11,2022-02-15T17:27:54,0.49,Clear,Clear conditions throughout the day.,snow,"TRGW4,72576394053,KBFF,K1CW,72097999999,F1433,72566024028,SBFN1,WACLG,KTOR"
69361,2022-02-16,33.1,19.1,27.6,26.8,10.5,18.9,21.7,78.4,0.15,100,45.83,snow,0.8,1.1,25.3,18.2,116.1,1014.3,99,5.5,56.6,4.8,3,10,2022-02-16T06:48:48,2022-02-16T17:29:09,0.5,"Snow, Overcast",Cloudy skies throughout the day with snow.,snow,"TRGW4,72576394053,KBFF,K1CW,72097999999,72566024028,SBFN1,WACLG,KTOR"
69361,2022-02-17,37.1,13.9,26.4,28.1,8,19.4,16.2,66.1,0,0,0,,0,0.9,31.1,17.2,269.4,1023.5,53.7,9.7,178.3,15.4,7,10,2022-02-17T06:47:24,2022-02-17T17:30:25,0.51,Partially cloudy,Clearing in the afternoon.,partly-cloudy-day,"TRGW4,72576394053,KBFF,K1CW,72097999999,72566024028,SBFN1,WACLG,KTOR"
69361,2022-02-18,49.8,28.2,38.5,43.2,19.9,30.7,21.2,51.5,0,0,0,,1.4,0.8,39,24.1,257.8,1021.2,41.2,9.9,183.5,15.8,7,10,2022-02-18T06:45:59,2022-02-18T17:31:40,0.52,Partially cloudy,Becoming cloudy in the afternoon.,snow,"TRGW4,72576394053,KBFF,F1433,K1CW,72097999999,72566024028,SBFN1,WACLG,KTOR"
69361,2022-02-19,60.9,23.1,42,60.9,13.3,37.2,20.7,50.5,0,0,0,,0,0.1,42.4,26.4,193.9,1015.7,4.1,9.9,196.7,17,7,10,2022-02-19T06:44:33,2022-02-19T17:32:55,0.54,Clear,Clear conditions throughout the day.,clear-day,"TRGW4,72576394053,KBFF,K1CW,72097999999,F1433,72566024028,SBFN1,WACLG,KTOR"
69361,2022-02-20,62,39,49.6,62,32.4,46.6,16.8,28.5,0,0,0,,1.2,0.4,40.3,26.1,249.9,1004.7,0.2,9.9,124.3,10.6,5,10,2022-02-20T06:43:06,2022-02-20T17:34:09,0.58,Clear,Clear conditions throughout the day.,snow,"TRGW4,72576394053,KBFF,K1CW,72097999999,F1433,72566024028,SBFN1,WACLG,KTOR"
69361,2022-02-21,36.1,-2,14,32.5,-22,-0.8,3.7,63.7,0.12,100,20.83,snow,2.1,1.8,34.4,21.9,127.3,1013.3,79.3,7.9,67.9,5.9,3,10,2022-02-21T06:41:38,2022-02-21T17:35:23,0.62,"Snow, Partially cloudy",Partly cloudy throughout the day with late afternoon snow.,snow,"TRGW4,72576394053,KBFF,K1CW,72097999999,F1433,72566024028,SBFN1,WACLG,KTOR"
69361,2022-02-22,3.7,-5,-1.6,-9.7,-25.8,-18.1,-11.7,61.5,0.02,100,8.33,snow,1.7,2.3,27.5,17.1,199.4,1033.7,55,8.3,207.4,18,8,10,2022-02-22T06:40:09,2022-02-22T17:36:37,0.67,"Snow, Partially cloudy",Clearing in the afternoon with early morning snow.,snow,"TRGW4,72576394053,KBFF,K1CW,72097999999,F1433,72566024028,SBFN1,WACLG,KTOR"
69361,2022-02-23,3.8,-4.1,-0.4,-15.5,-22.1,-18.7,-8.7,67.2,0,0,0,snow,1,2.2,27.7,19.4,107.5,1034.4,77.6,8.5,168.7,14.7,6,10,2022-02-23T06:38:39,2022-02-23T17:37:51,0.73,Partially cloudy,Partly cloudy throughout the day.,snow,"TRGW4,72576394053,KBFF,K1CW,72097999999,F1433,72566024028,SBFN1,WACLG,KTOR"
69361,2022-02-24,15.1,-1,5.7,3.9,-18.8,-7.6,-2.3,69.5,0.05,100,12.5,snow,0.5,2.8,31.1,17.3,154.4,1026.8,45.7,8.3,208.7,18,8,10,2022-02-24T06:37:08,2022-02-24T17:39:04,0.79,"Snow, Partially cloudy",Clearing in the afternoon with snow clearing later.,snow,"TRGW4,72576394053,KBFF,72097999999,K1CW,F1433,72566024028,SBFN1,WACLG,KTOR"
69361,2022-02-25,28.1,-5.7,11.3,28.1,-16.6,6.9,1.2,64.8,0,0,0,,0,1.8,19.5,6.9,178.4,1032.4,8.4,9.9,220.5,19,8,10,2022-02-25T06:35:36,2022-02-25T17:40:17,0.84,Clear,Clear conditions throughout the day.,clear-day,"72576394053,TRGW4,KBFF,K1CW,72097999999,F1433,72566024028,SBFN1,WACLG,KTOR"
69361,2022-02-26,35,3.9,19.6,26.6,-7.9,11.8,6.6,59,0,0,0,,0.4,1.4,30,17.2,264.9,1030.7,0,9.9,227.1,19.6,8,10,2022-02-26T06:34:04,2022-02-26T17:41:30,0.89,Clear,Clear conditions throughout the day.,snow,"TRGW4,72576394053,KBFF,K1CW,72097999999,72566024028,SBFN1,WACLG,KTOR"
69361,2022-02-27,53.9,10.4,33.6,53.9,3.1,28.8,12.6,45.7,0,0,0,,1,0.7,38,20.6,311.6,1026.8,0.1,9.9,222.3,19,8,10,2022-02-27T06:32:30,2022-02-27T17:42:43,0.94,Clear,Clear conditions throughout the day.,snow,"TRGW4,72576394053,KBFF,K1CW,72097999999,72566024028,SBFN1,WACLG,KTOR"
69361,2022-02-28,61,28.3,46.2,61,22.4,42.3,18.8,35.3,0,0,0,,0,0.1,39.1,20.9,287.5,1020.9,0.2,9.9,218.2,18.9,8,10,2022-02-28T06:30:56,2022-02-28T17:43:55,0.97,Clear,Clear conditions throughout the day.,clear-day,"TRGW4,72576394053,KBFF,K1CW,72097999999,72566024028,SBFN1,WACLG,KTOR"
69361,2022-03-01,70,38.1,52.4,70,32.2,49.7,26.1,38.2,0,0,0,,0,0,48.3,20.8,289.7,1018.2,0.2,9.9,200.3,17.5,7,10,2022-03-01T06:29:21,2022-03-01T17:45:07,1,Clear,Clear conditions throughout the day.,clear-day,"TRGW4,72576394053,KBFF,K1CW,72097999999,72566024028,SBFN1,WACLG,KTOR"
69361,2022-03-02,73,34.1,52.9,73,28.2,50.7,28.7,44.3,0,0,0,,0,0,31,19.5,265.3,1018.1,0.3,9.9,215.5,18.7,8,10,2022-03-02T06:27:45,2022-03-02T17:46:18,1,Clear,Clear conditions throughout the day.,clear-day,"72576394053,TRGW4,KBFF,K1CW,72097999999,72566024028,SBFN1,WACLG,KTOR"
69361,2022-03-03,52.3,28.2,38.4,52.3,18.5,32.2,29.4,72.1,0,0,0,,0,0,31,21.8,112.8,1017.5,10.4,8.7,170.7,14.7,8,10,2022-03-03T06:26:09,2022-03-03T17:47:29,0,Clear,Clear conditions throughout the day.,clear-day,"TRGW4,72576394053,KBFF,K1CW,72097999999,72566024028,SBFN1,WACLG,KTOR"
69361,2022-03-04,67.7,25.2,40,67.7,17.2,35.2,26.7,65.8,0,0,0,rain,1.2,0.4,28.9,21.8,140.7,1008.9,27.5,8,157.3,13.7,7,10,2022-03-04T06:24:32,2022-03-04T17:48:40,0.02,Partially cloudy,Becoming cloudy in the afternoon.,snow,"TRGW4,72576394053,KBFF,K1CW,72097999999,72566024028,SBFN1,WACLG,KTOR"
69361,2022-03-05,31.9,20.8,26,26,7.2,14.8,19.9,77.8,0.21,100,33.33,snow,1.2,1.6,36.8,27.5,232.8,1014,86.7,5.8,102.3,8.8,5,10,2022-03-05T06:22:54,2022-03-05T17:49:51,0.04,"Snow, Partially cloudy",Partly cloudy throughout the day with snow.,snow,"TRGW4,72576394053,KBFF,K1CW,72097999999,F1433,72566024028,SBFN1,WACLG,KTOR"
69361,2022-03-06,24.1,12.8,19.8,13.2,3.5,9.4,11.2,69,0,0,0,snow,0.3,1.8,25.3,17.1,320.1,1025.3,78.1,8.9,139.8,12.1,6,10,2022-03-06T06:21:16,2022-03-06T17:51:01,0.08,Partially cloudy,Partly cloudy throughout the day.,snow,"TRGW4,72576394053,KBFF,K1CW,72097999999,72566024028,SBFN1,WACLG,KTOR"
69361,2022-03-07,31.9,5,18.5,23.4,-6.9,8.6,7.5,63,0,0,0,,0,1.1,16.1,12.8,293.3,1027.7,1.1,9.9,248.4,21.3,8,10,2022-03-07T06:19:37,2022-03-07T17:52:11,0.12,Clear,Clear conditions throughout the day.,clear-day,"TRGW4,72576394053,KBFF,K1CW,72097999999,72566024028,SBFN1,WACLG,KTOR"
69361,2022-03-08,31.9,13,22.9,24.7,1.6,13,13,66.3,0.04,100,12.5,snow,3.6,1.3,34.4,19.7,281,1020.5,45.4,8.5,211.1,18.1,8,10,2022-03-08T06:17:58,2022-03-08T17:53:21,0.16,"Snow, Partially cloudy",Partly cloudy throughout the day with late afternoon snow.,snow,"TRGW4,72576394053,KBFF,K1CW,72097999999,72566024028,SBFN1,WACLG,KTOR"
69361,2022-03-09,19.1,7.9,12.7,11.8,-5.8,3.4,6.1,74.5,0.16,100,50,snow,1.7,3.7,26.6,16,72,1023.1,91.5,3.5,167.6,14.4,6,10,2022-03-09T06:16:18,2022-03-09T17:54:31,0.21,"Snow, Overcast",Cloudy skies throughout the day with a chance of snow throughout the day.,snow,"72576394053,TRGW4,KBFF,K1CW,72097999999,72566024028,SBFN1,WACLG,KTOR"
69361,2022-03-10,19,-5.1,7.3,16,-21.3,-2.8,-1,69.4,0,0,0,,0,3.9,18.6,12.7,293.1,1025.8,20,9.7,259.1,22.4,9,10,2022-03-10T06:14:38,2022-03-10T17:55:40,0.25,Clear,Partly cloudy throughout the day.,clear-day,"TRGW4,72576394053,KBFF,K1CW,72097999999,72566024028,SBFN1,WACLG,KTOR"
69361,2022-03-11,28.9,-0.8,14.3,19.8,-15.2,3.6,2.7,60.4,0,0,0,,0,3.7,27.7,17.3,276.2,1028.1,10.3,9.9,262.7,22.6,9,10,2022-03-11T06:12:58,2022-03-11T17:56:49,0.3,Clear,Clear conditions throughout the day.,clear-day,"72576394053,TRGW4,KBFF,K1CW,72097999999,72566024028,SBFN1,WACLG,KTOR"
69361,2022-03-12,52,21,38.9,52,11.9,31.8,24,55.7,0,0,0,,0,2.4,40.2,26.4,267.8,1017.6,45.7,9.9,237.6,20.5,8,10,2022-03-12T06:11:17,2022-03-12T17:57:58,0.35,Partially cloudy,Clearing in the afternoon.,partly-cloudy-day,"72576394053,TRGW4,KBFF,K1CW,72097999999,72566024028,SBFN1,WACLG,KTOR"
69361,2022-03-13,65.8,30,47.6,65.8,23.2,44.5,25.9,46.3,0,0,0,,1.2,0.8,38,25.3,244.3,1009,12.5,9.9,219.9,18.2,7,10,2022-03-13T07:09:35,2022-03-13T18:59:07,0.39,Clear,Clear conditions throughout the day.,snow,"72576394053,TRGW4,KBFF,K1CW,72097999999,72566024028,SBFN1,WACLG,KTOR"
69361,2022-03-14,55.9,35,44.4,55.9,25.1,39.8,26.7,53.2,0,0,0,,0,0.1,34.7,21.7,302.1,1019.4,16.5,9.9,246.8,21.2,8,10,2022-03-14T07:07:54,2022-03-14T19:00:16,0.43,Clear,Clear conditions throughout the day.,clear-day,"TRGW4,72576394053,KBFF,AGTN1,K1CW,72097999999,72566024028,SBFN1,WACLG,KTOR"
69361,2022-03-15,70,27.2,47.2,70,19.9,44.7,21.1,44,0,0,0,,0,0,35.6,23,210.9,1017.2,0.1,9.9,239.6,20.8,8,10,2022-03-15T07:06:12,2022-03-15T19:01:24,0.46,Clear,Clear conditions throughout the day.,clear-day,"TRGW4,72576394053,KBFF,K1CW,72097999999,F1433,72566024028,SBFN1,WACLG,KTOR"
69361,2022-03-16,57.7,37.1,48.7,57.7,27.4,44.8,32.4,56.3,0.15,100,20.83,rain,0.8,0.3,36.7,20.6,199.2,1011.6,47.1,9.7,140.9,12.2,7,10,2022-03-16T07:04:30,2022-03-16T19:02:32,0.48,"Rain, Partially cloudy",Partly cloudy throughout the day with late afternoon rain or snow.,snow,"TRGW4,72576394053,KBFF,AGTN1,K1CW,72097999999,72566024028,SBFN1,WACLG,KTOR"
69361,2022-03-17,49.8,29.9,39.1,46.5,23.9,33,30.6,76,0.14,100,16.67,"rain,snow",0.5,0.9,25.5,19.3,260.6,1020.2,61.1,8.9,181,15.5,8,10,2022-03-17T07:02:48,2022-03-17T19:03:40,0.5,"Snow, Rain, Partially cloudy",Partly cloudy throughout the day with early morning snow or rain.,snow,"TRGW4,72576394053,KBFF,K1CW,72097999999,72566024028,SBFN1,WACLG,KTOR"
69361,2022-03-18,56.8,21.8,38.5,56.8,14.4,35.3,22.7,59.7,0,0,0,,0,0.1,26.4,14.1,300.4,1018.5,1.3,9.9,259.2,22.3,9,10,2022-03-18T07:01:05,2022-03-18T19:04:48,0.5,Clear,Clear conditions throughout the day.,clear-day,"TRGW4,72576394053,KBFF,K1CW,72097999999,F1433,72566024028,SBFN1,WACLG,KTOR"
69361,2022-03-19,62,26.2,44.1,62,19.4,40.9,23.4,50.1,0,0,0,,0,0,25.3,16.1,265.4,1016.4,0.1,9.9,254.9,22,8,10,2022-03-19T06:59:23,2022-03-19T19:05:55,0.51,Clear,Clear conditions throughout the day.,clear-day,"72576394053,TRGW4,KBFF,K1CW,72097999999,F1433,72566024028,SBFN1,KTOR"
69361,2022-03-20,69.9,33.1,50.5,69.9,26.2,47.9,23.8,39.6,0,0,0,,0,0,36.8,18.3,137.8,1006.9,1.7,9.9,171.9,14.9,6,10,2022-03-20T06:57:40,2022-03-20T19:07:02,0.53,Clear,Clear conditions throughout the day.,clear-day,"72576394053,TRGW4,KBFF,K1CW,72097999999,F1433,72566024028,SBFN1,WACLG,KTOR"
69361,2022-03-21,52.9,35,41.7,52.9,23.6,33.1,22,47.5,0,0,0,,0,0,42.4,27.7,333.6,1015.7,68.9,9.9,165.7,14.3,6,10,2022-03-21T06:55:57,2022-03-21T19:08:10,0.56,Partially cloudy,Partly cloudy throughout the day.,partly-cloudy-day,"72576394053,TRGW4,KBFF,K1CW,72097999999,F1433,72566024028,SBFN1,WACLG,KTOR"
69361,2022-03-22,51,23.1,37,51,13.1,28.7,19.6,52.5,0,0,0,,0,0,55,34.3,300.4,1020.9,44.2,9.9,150.4,12.9,6,10,2022-03-22T06:54:14,2022-03-22T19:09:17,0.61,Partially cloudy,Partly cloudy throughout the day.,wind,"72576394053,TRGW4,KBFF,K1CW,72097999999,F1433,72566024028,SBFN1,WACLG,KTOR"
69361,2022-03-23,57.7,28.1,40.8,57.7,18.1,34.7,14,40.3,0,0,0,,0,0,35.8,23.1,295.6,1019.1,0.1,9.9,277.2,24.1,9,10,2022-03-23T06:52:31,2022-03-23T19:10:24,0.66,Clear,Clear conditions throughout the day.,clear-day,"72576394053,TRGW4,KBFF,K1CW,72097999999,F1433,72566024028,SBFN1,WACLG,KTOR"
69361,2022-03-24,71.8,22.1,47.1,71.8,14.6,43.6,23.4,43.8,0,0,0,rain,0,0,40.1,26.3,255.3,1014.4,19.1,9.9,249.7,21.5,8,10,2022-03-24T06:50:48,2022-03-24T19:11:31,0.71,Clear,Clear conditions throughout the day.,clear-day,"72576394053,TRGW4,KBFF,K1CW,72097999999,F1433,72566024028,SBFN1,WACLG,KTOR"
69361,2022-03-25,55.1,35.9,45.5,55.1,30.3,42.9,25.2,48.6,0,0,0,snow,0,0,29.8,14.9,99.6,1021.3,47.9,9.9,248.2,21.4,9,10,2022-03-25T06:49:06,2022-03-25T19:12:38,0.77,Partially cloudy,Clearing in the afternoon.,partly-cloudy-day,"TRGW4,72576394053,KBFF,K1CW,72097999999,F1433,72566024028,SBFN1,WACLG,KTOR"
69361,2022-03-26,61.1,30.8,46.8,61.1,24.1,43,24,42.8,0,0,0,,0,0,28.4,18.2,106,1015.8,8.6,9.9,262.8,22.8,9,10,2022-03-26T06:47:23,2022-03-26T19:13:44,0.83,Clear,Clear conditions throughout the day.,clear-day,"72576394053,TRGW4,KBFF,K1CW,72097999999,F1433,72566024028,SBFN1,WACLG,KTOR"
69361,2022-03-27,65,28.1,45.6,65,16.2,39.8,22.4,41.2,0,0,0,,0,0,35.8,17.3,125,1014.6,0.1,9.9,268.6,23.1,9,10,2022-03-27T06:45:40,2022-03-27T19:14:51,0.88,Clear,Clear conditions throughout the day.,clear-day,"TRGW4,72576394053,KBFF,K1CW,72097999999,F1433,72566024028,SBFN1,WACLG,KTOR"
69361,2022-03-28,78.9,34.3,54,78.9,25.8,50.6,26.8,42,0,0,0,,0,0,35.8,16.2,167,1004.7,0.3,9.9,207.5,17.9,7,10,2022-03-28T06:43:58,2022-03-28T19:15:58,0.92,Clear,Clear conditions throughout the day.,clear-day,"TRGW4,72576394053,KBFF,K1CW,72097999999,F1433,72566024028,SBFN1,WACLG,KTOR"
69361,2022-03-29,57.6,31.9,44.6,57.6,18.2,39.1,33,64.6,0.01,100,4.17,"rain,snow",2,0.7,45.9,32,235.9,999.3,62.2,9.5,44.6,3.8,3,10,2022-03-29T06:42:15,2022-03-29T19:17:04,0.96,"Snow, Rain, Partially cloudy",Partly cloudy throughout the day with late afternoon rain or snow.,snow,"TRGW4,72576394053,KBFF,AGTN1,K1CW,72097999999,72566024028,SBFN1,WACLG,KTOR"
69361,2022-03-30,43.1,26.8,32.6,34.4,15.1,21.7,21.1,63.3,0,0,0,snow,1.2,2.5,44.7,33,275.6,1011.4,53.7,9.1,130.3,11.4,5,10,2022-03-30T06:40:33,2022-03-30T19:18:10,0.99,Partially cloudy,Partly cloudy throughout the day.,snow,"TRGW4,72576394053,KBFF,K1CW,72097999999,F1433,72566024028,SBFN1,KTOR"
69361,2022-03-31,61.1,16.2,39.5,61.1,8.6,36.6,20.5,53.9,0.02,100,8.33,rain,0,2,37.8,13.7,195.4,1009.7,16,9.9,277.8,23.9,9,10,2022-03-31T06:38:51,2022-03-31T19:19:17,1,Rain,Clear conditions throughout the day with late afternoon rain.,rain,"72576394053,TRGW4,KBFF,F1433,K1CW,72097999999,72566024028,SBFN1,WACLG,KTOR"
69361,2022-04-01,55.8,35.2,43,55.8,28.2,38.4,26.6,54.2,0,0,0,rain,0,0.2,31.5,18.2,245.5,1011.9,63.5,9.9,159.3,13.8,6,10,2022-04-01T06:37:09,2022-04-01T19:20:23,0,Partially cloudy,Partly cloudy throughout the day.,partly-cloudy-day,"72576394053,TRGW4,KBFF,K1CW,72097999999,F1433,72566024028,SBFN1,WACLG,KTOR"
69361,2022-04-02,65.9,26.1,44.9,65.9,19.4,42.8,24.7,50.5,0,0,0,,0,0,23.7,15.9,183.3,1014.9,2.3,9.9,267.7,23.2,9,10,2022-04-02T06:35:27,2022-04-02T19:21:29,0.01,Clear,Clear conditions throughout the day.,clear-day,"TRGW4,72576394053,KBFF,K1CW,72097999999,F1433,72566024028,SBFN1,WACLG,KTOR"
69361,2022-04-03,58.9,34.1,46.2,58.9,26.7,42.5,16.1,34.4,0,0,0,,0,0,37.8,26.3,279.3,1014.3,2.1,9.9,233.5,20.3,9,10,2022-04-03T06:33:46,2022-04-03T19:22:36,0.03,Clear,Clear conditions throughout the day.,clear-day,"TRGW4,72576394053,KBFF,K1CW,72097999999,F1433,72566024028,SBFN1,WACLG,KTOR"
69361,2022-04-04,71.8,25.3,50.4,71.8,16.7,47.4,18.5,33.3,0,0,0,,0,0,38.6,22.9,180.1,1004.8,21.9,9.9,240.5,20.8,9,10,2022-04-04T06:32:05,2022-04-04T19:23:42,0.05,Partially cloudy,Partly cloudy throughout the day.,partly-cloudy-day,"72576394053,TRGW4,KBFF,K1CW,72097999999,72566024028,SBFN1,WACLG,KTOR"
69361,2022-04-05,59.8,34,45.3,59.8,26,38.6,21.2,41.5,0.02,100,4.17,"rain,snow",0,0,56.2,30.1,288.5,1000.9,63.6,9.5,164.5,14.3,8,10,2022-04-05T06:30:25,2022-04-05T19:24:48,0.09,"Snow, Rain, Partially cloudy",Partly cloudy throughout the day with morning rain or snow.,rain,"72576394053,TRGW4,KBFF,K1CW,72097999999,72566024028,SBFN1,WACLG,KTOR"
69361,2022-04-06,48.6,29.1,39.4,38.7,18.7,28.9,15.4,37.9,0,0,0,,0,0,62,42.3,308.4,1018.3,31.8,9.6,142.6,12.2,5,10,2022-04-06T06:28:45,2022-04-06T19:25:54,0.12,Partially cloudy,Partly cloudy throughout the day.,wind,"72576394053,TRGW4,KBFF,K1CW,72097999999,F1433,72566024028,SBFN1,WACLG,KTOR"
69361,2022-04-07,53.8,29.9,40.9,53.8,18.2,32.1,15.4,39.4,0,0,0,,0,0,56.2,41.2,318.7,1026.5,14.5,9.9,249.1,21.5,9,10,2022-04-07T06:27:05,2022-04-07T19:27:01,0.17,Clear,Clear conditions throughout the day.,wind,"72576394053,TRGW4,KBFF,K1CW,72097999999,F1433,72566024028,SBFN1,WACLG,KTOR"
69361,2022-04-08,65.8,19.3,42.7,65.8,10.2,38.6,15.3,38.2,0,0,0,,0,0,34.4,10.3,225.5,1022.2,0,9.9,310.4,26.9,9,10,2022-04-08T06:25:26,2022-04-08T19:28:07,0.21,Clear,Clear conditions throughout the day.,clear-day,"72576394053,TRGW4,KBFF,K1CW,72097999999,72566024028,SBFN1,WACLG,KTOR"
69361,2022-04-09,76.9,38.2,54.2,76.9,33.4,51.8,23.4,33.5,0,0,0,rain,0,0,37.8,26.2,182.3,1003,23.5,9.9,178.6,15.5,9,10,2022-04-09T06:23:47,2022-04-09T19:29:13,0.26,Partially cloudy,Becoming cloudy in the afternoon.,partly-cloudy-day,"TRGW4,72576394053,KBFF,K1CW,72097999999,72566024028,SBFN1,KTOR"
69361,2022-04-10,48.7,30,40.3,40,26.6,33.7,25,60.8,0.17,100,12.5,"rain,snow",0.9,0.2,48.6,34.4,262.7,1005.9,55.4,9.7,275.1,23.8,10,10,2022-04-10T06:22:09,2022-04-10T19:30:19,0.31,"Snow, Rain, Partially cloudy",Partly cloudy throughout the day with early morning snow or rain.,snow,"TRGW4,72576394053,KBFF,K1CW,72097999999,F1433,72566024028,SBFN1,KTOR"
69361,2022-04-11,62,25,45.2,62,18.3,42.6,20.1,43.4,0,0,0,rain,0,0,50.9,25.9,141.1,1003.2,37.5,9.9,187,16.1,9,10,2022-04-11T06:20:31,2022-04-11T19:31:25,0.35,Partially cloudy,Partly cloudy throughout the day.,partly-cloudy-day,"72576394053,TRGW4,KBFF,K1CW,72097999999,72566024028,SBFN1,WACLG,KTOR"
69361,2022-04-12,48.8,19.9,41.5,43.7,4.3,32.8,20.2,43.4,0,0,0,,0,0,50.5,33.3,260.1,995.9,21.7,9.9,183.9,15.8,7,10,2022-04-12T06:18:54,2022-04-12T19:32:32,0.4,Partially cloudy,Partly cloudy throughout the day.,wind,"TRGW4,72576394053,KBFF,K1CW,72097999999,72566024028,SBFN1,KTOR"
69361,2022-04-13,39.7,12.8,25.1,29.2,-1.5,12,3.3,41.6,0,0,0,,0,0,44.8,29.9,305.5,1015,6.3,9.9,316.4,27.2,10,10,2022-04-13T06:17:17,2022-04-13T19:33:38,0.44,Clear,Clear conditions throughout the day.,clear-day,"TRGW4,72576394053,KBFF,K1CW,72097999999,72566024028,SBFN1,WACLG,KTOR"
69361,2022-04-14,51.9,11,30.5,51.9,1.4,24.5,10.9,47.1,0,0,0,,0,0,26.2,17,271.6,1015.3,4.8,9.9,299.8,25.8,10,10,2022-04-14T06:15:42,2022-04-14T19:34:44,0.47,Clear,Clear conditions throughout the day.,clear-day,"TRGW4,72576394053,KBFF,K1CW,72097999999,72566024028,SBFN1,WACLG,KTOR"
69361,2022-04-15,46.1,19,32.4,43,8.4,25.8,14,47.7,0,0,0,snow,0,0,20.8,14.9,79.6,1016.1,42.1,9.9,257.3,22.3,9,10,2022-04-15T06:14:06,2022-04-15T19:35:50,0.49,Partially cloudy,Partly cloudy throughout the day.,partly-cloudy-day,"72576394053,TRGW4,KBFF,K1CW,72097999999,72566024028,SBFN1,WACLG,KTOR"
69361,2022-04-16,52,26.9,40.5,52,20.2,34.6,18.2,42.4,0,0,0,rain,0,0,39.1,29.8,125.8,1019.6,55.5,9.9,229,19.9,8,10,2022-04-16T06:12:32,2022-04-16T19:36:57,0.5,Partially cloudy,Partly cloudy throughout the day.,partly-cloudy-day,"TRGW4,72576394053,KBFF,K1CW,72097999999,72566024028,SBFN1,WACLG,KTOR"
69361,2022-04-17,61,33.4,46.8,61,27,43,20.9,38.1,0,0,0,snow,0,0,45,26.6,226.7,1016.2,30.2,9.8,267.8,23.1,9,10,2022-04-17T06:10:58,2022-04-17T19:38:03,0.51,Partially cloudy,Becoming cloudy in the afternoon.,partly-cloudy-day,"TRGW4,72576394053,KBFF,K1CW,72097999999,72566024028,SBFN1,WACLG,KTOR"
69361,2022-04-18,58.9,28.1,44,58.9,23.8,41.2,18.6,38.3,0,0,0,,0,0,41.4,20.1,174,1024.6,24.1,9.9,316.5,27.2,10,10,2022-04-18T06:09:25,2022-04-18T19:39:09,0.52,Partially cloudy,Clearing in the afternoon.,partly-cloudy-day,"72576394053,TRGW4,KBFF,K1CW,72097999999,72566024028,SBFN1,WACLG,KTOR"
69361,2022-04-19,79.9,34.2,58.5,79.9,24,55,26.7,35.2,0,0,0,rain,0,0,57.5,21.3,156.5,1002.5,15.3,9.9,215.8,18.4,7,10,2022-04-19T06:07:53,2022-04-19T19:40:15,0.55,Clear,Clear conditions throughout the day.,clear-day,"TRGW4,72576394053,KBFF,K1CW,72097999999,72566024028,SBFN1,WACLG,KTOR"
69361,2022-04-20,67.9,41,56.3,67.9,36.3,55.1,24.4,33.5,0,0,0,rain,0,0,46.6,27.9,281,1005.5,20,9.9,308,26.7,9,10,2022-04-20T06:06:22,2022-04-20T19:41:22,0.59,Clear,Partly cloudy throughout the day.,clear-day,"TRGW4,72576394053,KBFF,K1CW,72097999999,72566024028,SBFN1,KTOR"
69361,2022-04-21,79.9,34.1,57.8,79.9,27.4,55.7,30.9,40.7,0,0,0,,0,0,52.9,33.5,117,1011.3,3.4,9.9,308.5,26.6,9,15,2022-04-21T06:04:51,2022-04-21T19:42:28,0.64,Clear,Clear conditions throughout the day.,wind,"TRGW4,72576394053,KBFF,K1CW,72097999999,F1433,72566024028,SBFN1,KTOR"
69361,2022-04-22,90.8,50,66.6,86.7,46.5,65.6,43.3,56.2,0,0,0,rain,3.2,1.1,66.4,45.1,159.6,996.2,33,7.1,279.4,24.2,9,60,2022-04-22T06:03:22,2022-04-22T19:43:34,0.7,Partially cloudy,Clearing in the afternoon.,snow,"TRGW4,72576394053,KBFF,K1CW,72097999999,F1433,72566024028,SBFN1,KTOR"
69361,2022-04-23,53.8,33.8,39.3,53.8,19.5,28,33.8,80.7,0.22,100,37.5,"rain,snow",3.5,3,65.3,41.3,301.5,1001,85.3,7.6,66.5,5.9,3,10,2022-04-23T06:01:53,2022-04-23T19:44:40,0.75,"Snow, Rain, Partially cloudy",Partly cloudy throughout the day with rain or snow clearing later.,snow,"TRGW4,72576394053,KBFF,K1CW,72097999999,72566024028,SBFN1,KTOR"
69361,2022-04-24,48.7,34,41.4,39.5,24.3,31.6,26.3,57.2,0,0,0,,3.8,2.2,57.1,39.1,293.3,1019.2,41.5,9.6,230.1,19.7,7,10,2022-04-24T06:00:25,2022-04-24T19:45:46,0.81,Partially cloudy,Clearing in the afternoon.,snow,"72576394053,TRGW4,KBFF,K1CW,72097999999,72566024028,SBFN1,WACLG,KTOR"
69361,2022-04-25,56.8,26,42.1,56.8,17.6,38.3,22.2,50.6,0,0,0,,0,0.1,18.3,11.2,230.6,1027,4.9,9.9,310.7,26.8,10,10,2022-04-25T05:58:58,2022-04-25T19:46:52,0.86,Clear,Clear conditions throughout the day.,clear-day,"TRGW4,72576394053,KBFF,K1CW,72097999999,F1433,72566024028,SBFN1,KTOR"
69361,2022-04-26,75.7,30.9,54.4,75.7,23.3,51.9,23.9,35.7,0,0,0,,0,0,30,11.5,150.4,1016.9,0.1,9.9,321.8,27.7,10,10,2022-04-26T05:57:33,2022-04-26T19:47:58,0.91,Clear,Clear conditions throughout the day.,clear-day,"72576394053,TRGW4,KBFF,K1CW,72097999999,F1433,72566024028,SBFN1,KTOR"
69361,2022-04-27,75.7,39.2,58,75.7,35,56.4,30.1,38,0,0,0,,0,0,34.2,22.9,174,1009.7,0,9.9,251.6,21.9,8,10,2022-04-27T05:56:08,2022-04-27T19:49:04,0.95,Clear,Clear conditions throughout the day.,clear-day,"TRGW4,72576394053,KBFF,K1CW,72097999999,F1433,72566024028,SBFN1,KTOR"
69361,2022-04-28,73.9,37.1,56.3,73.9,31.2,54.5,35.6,50.4,0.05,100,4.17,rain,0,0,32.1,16.1,154.1,1007.2,5.1,9.9,268.1,23,10,10,2022-04-28T05:54:45,2022-04-28T19:50:10,0.98,Rain,Clear conditions throughout the day with late afternoon rain.,rain,"72576394053,TRGW4,KBFF,K1CW,72097999999,F1433,72566024028,SBFN1,WACLG,KTOR"
69361,2022-04-29,61.9,46,53.4,61.9,36.8,51.8,40.8,64.6,0,0,0,rain,0,0,51.6,36.8,207.9,1002.7,50.8,9.9,187.3,16.3,7,10,2022-04-29T05:53:22,2022-04-29T19:51:16,1,Partially cloudy,Partly cloudy throughout the day.,wind,"TRGW4,72576394053,KBFF,K1CW,72097999999,72566024028,SBFN1,WACLG,KTOR"
69361,2022-04-30,58.9,42,49.2,58.9,32.2,44.5,31.6,52.5,0,0,0,,0,0,49.5,35.7,288.8,1014.4,56.7,9.9,253.9,22,8,10,2022-04-30T05:52:01,2022-04-30T19:52:21,1,Partially cloudy,Partly cloudy throughout the day.,wind,"TRGW4,72576394053,KBFF,K1CW,72097999999,72566024028,SBFN1,KTOR"
69361,2022-05-01,62.9,29,48.1,62.9,22.9,46.8,28.7,51.3,0,0,0,rain,0.8,0.3,31,20.6,146.6,1015.6,22.7,9.9,274.7,23.6,9,10,2022-05-01T05:50:41,2022-05-01T19:53:27,0,Partially cloudy,Becoming cloudy in the afternoon.,snow,"72576394053,TRGW4,KBFF,K1CW,72097999999,F1433,72566024028,SBFN1,WACLG,KTOR"
69361,2022-05-02,51,31.9,37.4,51,27.1,33.2,33.6,87.2,1.09,100,54.17,"rain,snow",1,0.9,41.4,19.5,180.1,1017.2,73.1,6.8,105.9,9.1,5,10,2022-05-02T05:49:22,2022-05-02T19:54:32,0.01,"Snow, Rain, Partially cloudy",Partly cloudy throughout the day with a chance of rain or snow throughout the day.,snow,"TRGW4,72576394053,KBFF,K1CW,72097999999,72566024028,SBFN1,WACLG,KTOR"
69361,2022-05-03,49.9,30.8,41.1,44.1,23.5,34.4,34,76.7,0,0,0,,1.7,0.9,31.5,22.9,126.8,1015.3,69.8,9.7,139.7,12,5,10,2022-05-03T05:48:04,2022-05-03T19:55:37,0.03,Partially cloudy,Partly cloudy throughout the day.,snow,"TRGW4,72576394053,KBFF,K1CW,72097999999,F1433,72566024028,SBFN1,WACLG,KTOR"
69361,2022-05-04,53.9,40.9,45.9,53.9,33,41.7,40,80.4,0.05,100,12.5,rain,1.1,0.6,33.3,15.8,118.3,1015.8,95,9.5,108.3,9.4,4,10,2022-05-04T05:46:48,2022-05-04T19:56:42,0.06,"Rain, Overcast",Cloudy skies throughout the day with rain or snow clearing later.,snow,"TRGW4,72576394053,KBFF,K1CW,72097999999,72566024028,SBFN1,WACLG,KTOR"
69361,2022-05-05,69.9,38.1,53,69.9,33.8,51.9,40.9,68.1,0,0,0,rain,0,0.1,20.8,10.1,238.3,1013.3,48.2,7.7,302.7,26.2,9,10,2022-05-05T05:45:33,2022-05-05T19:57:46,0.09,Partially cloudy,Partly cloudy throughout the day.,partly-cloudy-day,"TRGW4,72576394053,KBFF,K1CW,72097999999,72566024028,SBFN1,WACLG,KTOR"
69361,2022-05-06,82,46.2,63.9,80,42.3,62.7,39.5,47.8,0,0,0,,0,0,43.6,22.9,192.8,1005.7,7.1,9.9,312.3,27.1,10,10,2022-05-06T05:44:19,2022-05-06T19:58:51,0.13,Clear,Clear conditions throughout the day.,clear-day,"TRGW4,72576394053,KBFF,K1CW,72097999999,F1433,72566024028,SBFN1,WACLG,KTOR"
69361,2022-05-07,87.8,49,64.7,84.2,46.1,64.2,40.6,45.5,0,0,0,rain,0,0,46.4,27.9,200.3,999.8,25.3,9.9,260.5,22.4,9,10,2022-05-07T05:43:07,2022-05-07T19:59:55,0.18,Partially cloudy,Becoming cloudy in the afternoon.,partly-cloudy-day,"TRGW4,72576394053,KBFF,K1CW,72097999999,F1433,72566024028,SBFN1,WACLG,KTOR"
69361,2022-05-08,70.9,47.9,57.3,70.9,41.9,56.5,40.6,56.7,0.09,100,8.33,rain,0,0,36.6,25,213.9,998.2,65.4,9.7,219.2,18.8,9,10,2022-05-08T05:41:56,2022-05-08T20:00:59,0.22,"Rain, Partially cloudy",Partly cloudy throughout the day with late afternoon rain.,rain,"72576394053,TRGW4,KBFF,K1CW,72097999999,72566024028,SBFN1,WACLG,KTOR"
69361,2022-05-09,64.9,46.9,54,64.9,39.3,52.4,36.3,56.3,0,0,0,rain,0,0,46.9,28.6,305.4,1000.2,50.7,9.9,322.7,27.9,10,10,2022-05-09T05:40:47,2022-05-09T20:02:02,0.27,Partially cloudy,Clearing in the afternoon.,partly-cloudy-day,"TRGW4,72576394053,KBFF,K1CW,72097999999,F1433,72566024028,SBFN1,WACLG,KTOR"
69361,2022-05-10,71.9,42.1,57.6,71.9,42.1,57.3,29.6,35.7,0,0,0,,0,0,27.7,19.6,146.6,1013.6,16.1,9.9,317.4,27.4,9,10,2022-05-10T05:39:39,2022-05-10T20:03:05,0.32,Clear,Clear conditions throughout the day.,clear-day,"TRGW4,72576394053,KBFF,K1CW,72097999999,F1433,72566024028,SBFN1,WACLG,KTOR"
69361,2022-05-11,82.9,49.9,64.8,80.8,46.7,64.3,48.4,59.3,0,0,0,,0,0,46.7,33.1,75.8,1008.5,0.2,9.4,299.1,25.8,10,15,2022-05-11T05:38:33,2022-05-11T20:04:08,0.37,Clear,Clear conditions throughout the day.,wind,"TRGW4,72576394053,KBFF,K1CW,72097999999,F1433,72566024028,SBFN1,KTOR"
69361,2022-05-12,65,47.9,56.7,65,39.2,56.1,43.3,63.7,0,0,0,rain,0,0,59.9,31,216.5,1007.2,56.2,9.6,161.3,13.9,9,10,2022-05-12T05:37:28,2022-05-12T20:05:10,0.41,Partially cloudy,Partly cloudy throughout the day.,wind,"TRGW4,72576394053,KBFF,K1CW,72097999999,72566024028,SBFN1,WACLG,KTOR"
69361,2022-05-13,71.9,46.1,59,71.9,39.9,57.2,26.4,31.6,0,0,0,,0,0,38.1,26.4,256.1,1012.8,4.9,9.9,319,27.6,9,10,2022-05-13T05:36:25,2022-05-13T20:06:12,0.45,Clear,Clear conditions throughout the day.,clear-day,"TRGW4,72576394053,KBFF,K1CW,72097999999,F1433,72566024028,SBFN1,WACLG,KTOR"
69361,2022-05-14,71.9,44.1,60.2,71.9,42.6,59.3,33.3,37.8,0,0,0,,0,0,27.7,16.1,199.1,1014.5,29.6,9.9,251.7,21.8,10,10,2022-05-14T05:35:23,2022-05-14T20:07:13,0.48,Partially cloudy,Becoming cloudy in the afternoon.,partly-cloudy-day,"TRGW4,72576394053,KBFF,F1433,72566024028,SBFN1,WACLG,KTOR"
69361,2022-05-15,73,45,60.1,73,40.6,59.2,37.8,47.3,0,0,0,,0,0,35.7,21.8,234.3,1017.8,4.8,9.9,346.3,29.9,10,10,2022-05-15T05:34:23,2022-05-15T20:08:14,0.5,Clear,Clear conditions throughout the day.,clear-day,"TRGW4,72576394053,KBFF,F1433,K1CW,72097999999,72566024028,SBFN1,WACLG,KTOR"
69361,2022-05-16,87.9,44.2,65.7,84.4,39.3,64,39,41.8,0,0,0,rain,0,0,46.4,14.7,130.8,1010.7,5,9.9,307.2,26.4,10,30,2022-05-16T05:33:25,2022-05-16T20:09:14,0.5,Clear,Clear conditions throughout the day.,clear-day,"TRGW4,72576394053,KBFF,K1CW,72097999999,72566024028,SBFN1,KTOR"
69361,2022-05-17,81.9,50,66.1,80.5,46.7,65.9,47.6,54.2,0,0,0,rain,0,0,40.2,17,210.5,1009,16,9.9,312,26.9,9,30,2022-05-17T05:32:28,2022-05-17T20:10:14,0.52,Clear,Clear conditions throughout the day.,clear-day,"TRGW4,72576394053,KBFF,K1CW,72097999999,72566024028,SBFN1,WACLG,KTOR"
69361,2022-05-18,82.9,47.1,66,80.4,45.9,65.4,42.8,51.3,0,0,0,,0,0,24.2,17,193.5,1010.8,3.2,9.8,346.8,30,10,10,2022-05-18T05:31:33,2022-05-18T20:11:13,0.54,Clear,Clear conditions throughout the day.,clear-day,"TRGW4,72576394053,KBFF,K1CW,72097999999,72566024028,SBFN1,KTOR"
69361,2022-05-19,83.8,39.8,63.5,81,32.3,61.6,34.6,39.6,0.01,100,4.17,rain,0,0,45.8,30.9,247.3,997.9,20.9,9.9,226.2,19.4,8,10,2022-05-19T05:30:40,2022-05-19T20:12:11,0.58,"Rain, Partially cloudy",Partly cloudy throughout the day with late afternoon rain.,rain,"TRGW4,72576394053,KBFF,72097999999,K1CW,F1433,72566024028,SBFN1,WACLG,KTOR"
69361,2022-05-20,49.8,37.1,43.2,42.9,30.7,36.6,29.5,60.8,0.09,100,16.67,"rain,snow",0.1,0,38.6,24.2,292.5,1010,77.2,9.8,146.2,12.6,5,10,2022-05-20T05:29:48,2022-05-20T20:13:09,0.63,"Snow, Rain, Partially cloudy",Partly cloudy throughout the day with early morning snow or rain.,snow,"TRGW4,72576394053,KBFF,K1CW,72097999999,F1433,72566024028,SBFN1,WACLG,KTOR"
69361,2022-05-21,56.8,28.1,42.6,56.8,23.7,39.3,24.5,53.7,0,0,0,,0,0,21.3,14.9,260,1023.9,33.5,9.9,289.6,25.2,10,10,2022-05-21T05:28:59,2022-05-21T20:14:06,0.68,Partially cloudy,Partly cloudy throughout the day.,partly-cloudy-day,"TRGW4,72576394053,KBFF,K1CW,72097999999,72566024028,SBFN1,WACLG,KTOR"
69361,2022-05-22,61,29.9,48.1,61,25.6,46.2,28,50,0,0,0,rain,0,0,35.4,22,119.8,1023.9,35.3,9.9,257.4,22.5,8,10,2022-05-22T05:28:11,2022-05-22T20:15:02,0.74,Partially cloudy,Becoming cloudy in the afternoon.,partly-cloudy-day,"TRGW4,72576394053,KBFF,K1CW,72097999999,72566024028,SBFN1,WACLG,KTOR"
69361,2022-05-23,53,43,47.2,53,36.8,42.6,39.3,75.3,0.09,100,12.5,rain,0,0,40.2,28.6,118.3,1018,71.5,9.5,162.7,13.9,6,10,2022-05-23T05:27:25,2022-05-23T20:15:57,0.79,"Rain, Partially cloudy",Partly cloudy throughout the day with rain.,rain,"72576394053,TRGW4,KBFF,K1CW,72097999999,F1433,72566024028,SBFN1,WACLG,KTOR"
69361,2022-05-24,57.8,42.1,49.4,57.8,38.4,48.3,40,72.1,0,0,0,rain,0,0,27.7,17,129.6,1016.9,47.3,7.7,249.5,21.6,8,10,2022-05-24T05:26:41,2022-05-24T20:16:51,0.85,Partially cloudy,Clearing in the afternoon.,partly-cloudy-day,"TRGW4,72576394053,KBFF,K1CW,72097999999,F1433,72566024028,SBFN1,KTOR"
69361,2022-05-25,75.7,35.9,55.6,75.7,29.1,53.7,35.3,53.7,0,0,0,,0,0,28.7,15,246.8,1014.2,17.8,9.5,331.2,28.6,9,10,2022-05-25T05:25:59,2022-05-25T20:17:45,0.89,Clear,Clear conditions throughout the day.,clear-day,"TRGW4,72576394053,KBFF,K1CW,72097999999,72566024028,SBFN1,WACLG,KTOR"
69361,2022-05-26,85.8,37.3,64.1,82.6,32,62.4,36.2,43,0,0,0,,0,0,23,12.7,178.1,1012.9,2,9.9,358.5,31.1,10,10,2022-05-26T05:25:18,2022-05-26T20:18:37,0.93,Clear,Clear conditions throughout the day.,clear-day,"72576394053,TRGW4,KBFF,K1CW,72097999999,72566024028,SBFN1,WACLG,KTOR"
69361,2022-05-27,91.9,47.1,69.1,88.1,45,68,39.9,39.5,0.01,100,4.17,rain,0,0,51.6,18.3,187.3,1007.5,7,9.9,206.5,18.1,9,30,2022-05-27T05:24:40,2022-05-27T20:19:29,0.96,Rain,Clear conditions throughout the day with afternoon rain.,rain,"TRGW4,72576394053,KBFF,K1CW,72097999999,72566024028,SBFN1,WACLG,KTOR"
69361,2022-05-28,84.7,48.2,68.7,81.8,46.3,68.1,42.3,43.1,0,0,0,,0,0,33,15.9,178.8,999.7,1.5,9.9,161.5,14,5,60,2022-05-28T05:24:04,2022-05-28T20:20:19,0.99,Clear,Clear conditions throughout the day.,clear-day,"TRGW4,72576394053,KBFF,K1CW,72097999999,72566024028,SBFN1,WACLG,KTOR"
69361,2022-05-29,79.8,51.2,60.6,79.8,51.2,60.6,45,60.4,0.3,100,16.67,rain,0,0,45,24,233.1,996.1,32.2,9.5,216.3,18.7,10,10,2022-05-29T05:23:29,2022-05-29T20:21:08,1,"Rain, Partially cloudy",Becoming cloudy in the afternoon with rain.,rain,"TRGW4,72576394053,KBFF,72097999999,K1CW,72566024028,SBFN1,KTOR"
69361,2022-05-30,55.9,47.9,50.6,55.9,41.2,48,45.3,82.7,1.09,100,45.83,rain,0,0,36,24.1,288.8,1000.8,71.4,8.1,63.9,5.4,3,10,2022-05-30T05:22:57,2022-05-30T20:21:56,0,"Rain, Partially cloudy",Partly cloudy throughout the day with rain.,rain,"TRGW4,72576394053,KBFF,K1CW,72097999999,72566024028,SBFN1,WACLG,KTOR"
69361,2022-05-31,60,47,52.6,60,40.5,50.3,44,74.4,0.07,100,20.83,rain,0,0,31.5,18.2,310.2,1016.6,88,9.9,124,10.7,5,10,2022-05-31T05:22:27,2022-05-31T20:22:43,0,"Rain, Partially cloudy",Partly cloudy throughout the day with rain clearing later.,rain,"TRGW4,72576394053,KBFF,K1CW,72097999999,72566024028,SBFN1,KTOR"
69361,2022-06-01,67.9,47.8,56.4,67.9,45.2,55.8,40.5,58.7,0,0,0,,0,0,10.7,8,198.3,1021.2,45.4,9.9,319.4,27.5,9,10,2022-06-01T05:21:58,2022-06-01T20:23:29,0.02,Partially cloudy,Clearing in the afternoon.,partly-cloudy-day,"TRGW4,72576394053,KBFF,K1CW,72097999999,F1433,72566024028,SBFN1,WACLG,KTOR"
69361,2022-06-02,74.7,43.9,60.7,74.7,42.3,60.3,43.9,57.9,0,0,0,,0,0,19.7,15.8,103.9,1016.5,16.8,9.9,297.8,25.9,8,10,2022-06-02T05:21:32,2022-06-02T20:24:14,0.04,Clear,Clear conditions throughout the day.,clear-day,"72576394053,TRGW4,KBFF,K1CW,72097999999,F1433,72566024028,SBFN1,KTOR"
69361,2022-06-03,79,51.1,65.6,79,51.1,65.6,48.3,56,0,0,0,rain,0,0,30,19.7,117.7,1010.3,12.8,9.9,286.3,24.8,10,60,2022-06-03T05:21:07,2022-06-03T20:24:57,0.07,Clear,Clear conditions throughout the day.,clear-day,"TRGW4,72576394053,KBFF,K1CW,72097999999,72566024028,SBFN1,KTOR"
69361,2022-06-04,84.7,51.1,68.5,82.5,51.1,68.2,49.7,54.9,0,0,0,,0,0,27.8,18.1,132.8,1005.9,10,9.9,368.8,31.8,10,30,2022-06-04T05:20:45,2022-06-04T20:25:38,0.11,Clear,Clear conditions throughout the day.,clear-day,"TRGW4,72576394053,KBFF,K1CW,72097999999,F1433,72566024028,SBFN1,KTOR"
69361,2022-06-05,82.1,56,69.5,80.5,56,69.1,53.3,61.6,0.02,100,8.33,rain,0,0,28.9,18.3,177.8,1003.8,25.9,9.8,308,26.7,10,30,2022-06-05T05:20:25,2022-06-05T20:26:19,0.14,"Rain, Partially cloudy",Partly cloudy throughout the day with late afternoon rain.,rain,"72576394053,TRGW4,KBFF,K1CW,72097999999,72566024028,SBFN1,WACLG,KTOR"
69361,2022-06-06,82,52,67.4,80.5,52,67.1,51.2,62.6,0,0,0,rain,0,0,39.1,24.2,229.5,1006.4,5.9,9.7,325.5,28.2,10,30,2022-06-06T05:20:07,2022-06-06T20:26:58,0.19,Clear,Clear conditions throughout the day.,clear-day,"TRGW4,72576394053,KBFF,K1CW,72097999999,72566024028,SBFN1,WACLG,KTOR"
69361,2022-06-07,73.9,52,62.1,73.9,52,62.1,50.6,67.7,0.02,100,4.17,rain,0,0,41.3,27.5,107,1013,48.6,9.9,244.8,21.2,10,30,2022-06-07T05:19:51,2022-06-07T20:27:35,0.24,"Rain, Partially cloudy",Partly cloudy throughout the day with afternoon rain.,rain,"TRGW4,72576394053,KBFF,K1CW,72097999999,72566024028,SBFN1,WACLG,KTOR"
69361,2022-06-08,79,46,63.7,79,42,63.1,41.6,51.4,0,0,0,,0,0,21.9,12.7,196,1017.1,0.2,9.9,362.6,31.3,10,10,2022-06-08T05:19:37,2022-06-08T20:28:11,0.29,Clear,Clear conditions throughout the day.,clear-day,"72576394053,TRGW4,KBFF,K1CW,72097999999,72566024028,SBFN1,WACLG,KTOR"
69361,2022-06-09,87.1,57.8,70.6,84.6,57.8,70.2,47.8,45.9,0,0,0,,0,0,33.3,19.6,115.6,1010.8,0.3,9.9,291,25.2,10,30,2022-06-09T05:19:25,2022-06-09T20:28:45,0.35,Clear,Clear conditions throughout the day.,clear-day,"TRGW4,72576394053,KBFF,K1CW,72097999999,72566024028,SBFN1,KTOR"
69361,2022-06-10,92.8,53,73.4,89.4,53,72.2,50.1,50.6,0,0,0,,0,0,21.9,12.3,191.5,1010.4,0,9.9,316.6,27.4,9,10,2022-06-10T05:19:15,2022-06-10T20:29:18,0.39,Clear,Clear conditions throughout the day.,clear-day,"TRGW4,72576394053,KBFF,K1CW,72097999999,72566024028,SBFN1,WACLG,KTOR"
69361,2022-06-11,92.9,57,77.6,90.6,57,76.5,51.9,44.8,0,0,0,,0,0,31.1,18.2,168.1,1005.3,0.2,9.9,339.9,29.4,10,30,2022-06-11T05:19:07,2022-06-11T20:29:49,0.44,Clear,Clear conditions throughout the day.,clear-day,"TRGW4,72576394053,KBFF,K1CW,72097999999,72566024028,SBFN1,WACLG,KTOR"
69361,2022-06-12,92.9,57.9,76.5,91.4,57.9,76.1,55.9,52.1,0,0,0,,0,0,39.6,19.5,172.8,1002.1,0.4,9.9,290.2,25.2,10,75,2022-06-12T05:19:01,2022-06-12T20:30:18,0.47,Clear,Clear conditions throughout the day.,clear-day,"72576394053,TRGW4,KBFF,K1CW,72097999999,72566024028,SBFN1,WACLG,KTOR"
69361,2022-06-13,98.9,60.2,79,95.2,60.2,77.8,50.7,42.1,0,0,0,,0,0,51.6,32.2,184.7,995.8,3.8,9.9,345.6,30,10,30,2022-06-13T05:18:58,2022-06-13T20:30:46,0.49,Clear,Clear conditions throughout the day.,wind,"TRGW4,72576394053,KBFF,K1CW,72097999999,72566024028,SBFN1,WACLG,KTOR"
69361,2022-06-14,76.5,55.3,66.4,76.5,55.3,66.4,31,29.3,0,0,0,rain,0,0,47.8,29.9,277.1,1004.9,33.1,9.9,209.4,18,10,10,2022-06-14T05:18:56,2022-06-14T20:31:12,0.5,Partially cloudy,Clearing in the afternoon.,partly-cloudy-day,"TRGW4,72576394053,KBFF,K1CW,72097999999,F1433,72566024028,SBFN1,WACLG,KTOR"
69361,2022-06-15,87.1,55,70.8,83.5,55,70,24,18.7,0,0,0,,0,0,44.7,31.9,291.9,1009.2,19.3,9.9,373.5,32.2,10,10,2022-06-15T05:18:56,2022-06-15T20:31:36,0.51,Clear,Clear conditions throughout the day.,wind,"TRGW4,72576394053,KBFF,K1CW,72097999999,72566024028,SBFN1,WACLG,KTOR"
69361,2022-06-16,92.9,45.1,72.5,88.6,40.9,70.5,37.6,32.5,0,0,0,,0,0,35.7,19.7,159.5,1015.1,0,9.9,368.4,31.8,10,10,2022-06-16T05:18:59,2022-06-16T20:31:58,0.53,Clear,Clear conditions throughout the day.,clear-day,"72576394053,TRGW4,KBFF,K1CW,72097999999,F1433,72566024028,SBFN1,WACLG,KTOR"
69361,2022-06-17,101.9,68,83.7,98.1,68,82.1,50.3,36.3,0,0,0,,0,0,41.4,26.4,130.4,1009.7,0,9.9,335,28.8,10,60,2022-06-17T05:19:03,2022-06-17T20:32:18,0.57,Clear,Clear conditions throughout the day.,clear-day,"TRGW4,72576394053,KBFF,72566024028,SBFN1,WACLG,KTOR"
69361,2022-06-18,98,74,85.3,94.7,74,83.5,46.4,26.3,0.01,100,4.17,rain,0,0,32.3,18.2,157.1,1005.3,12.7,9.9,261,22.5,9,10,2022-06-18T05:19:09,2022-06-18T20:32:37,0.62,Rain,Clear conditions throughout the day with afternoon rain.,rain,"72576394053,TRGW4,KBFF,72566024028,SBFN1,WACLG,KTOR"
69361,2022-06-19,92.9,65.9,79.9,90.8,65.9,78.9,51.1,38.2,0.04,100,8.33,rain,0,0,34.9,20.7,172.1,1005.5,15.2,9.9,269.8,23.5,9,30,2022-06-19T05:19:18,2022-06-19T20:32:53,0.67,Rain,Clear conditions throughout the day with afternoon rain.,rain,"TRGW4,72576394053,KBFF,72566024028,SBFN1,WACLG,KTOR"
69361,2022-06-20,86.9,57.9,70.8,86.3,57.9,70.7,51.7,54.8,0.26,100,8.33,rain,0,0,54.1,23,220.9,1009.8,12,9.6,287.4,24.8,10,30,2022-06-20T05:19:28,2022-06-20T20:33:08,0.72,Rain,Clear conditions throughout the day with afternoon rain.,rain,"TRGW4,72576394053,KBFF,72566024028,SBFN1,WACLG,KTOR"
69361,2022-06-21,84.8,46.2,67.6,81.7,43.2,66.8,35.1,35.2,0,0,0,,0,0,32.2,14.9,229.9,1021.4,0,9.9,372,32.1,10,10,2022-06-21T05:19:40,2022-06-21T20:33:20,0.77,Clear,Clear conditions throughout the day.,clear-day,"72576394053,TRGW4,KBFF,72566024028,SBFN1,WACLG,KTOR"
69361,2022-06-22,92.8,53,72.9,88.3,53,71.5,41.2,36.7,0,0,0,,0,0,33.3,20.7,122.4,1018.4,0,9.9,320.7,27.5,10,10,2022-06-22T05:19:54,2022-06-22T20:33:31,0.82,Clear,Clear conditions throughout the day.,clear-day,"TRGW4,72576394053,KBFF,K1CW,72097999999,72566024028,SBFN1,KTOR"
69361,2022-06-23,97.9,57.8,78.4,92.7,57.8,76.5,41.7,36.6,0,0,0,,0,0,23,11.6,195.8,1009.1,0.1,9.9,351.8,30.5,10,10,2022-06-23T05:20:11,2022-06-23T20:33:40,0.87,Clear,Clear conditions throughout the day.,clear-day,"72576394053,TRGW4,KBFF,K1CW,72097999999,72566024028,SBFN1,WACLG,KTOR"
69361,2022-06-24,95.9,60.2,77,91.6,60.2,75.6,44.1,33.9,0,0,0,,0,0,39.3,26.3,257,1008,5.3,9.9,272.2,23.3,9,10,2022-06-24T05:20:28,2022-06-24T20:33:46,0.91,Clear,Clear conditions throughout the day.,clear-day,"TRGW4,72576394053,KBFF,K1CW,72097999999,72566024028,SBFN1,WACLG,KTOR"
69361,2022-06-25,76.9,55.1,66.8,76.9,55.1,66.8,44,47.3,0,0,0,rain,0,0,34.4,24,212.7,1021.3,50.4,9.9,325.8,28.2,10,10,2022-06-25T05:20:48,2022-06-25T20:33:51,0.95,Partially cloudy,Clearing in the afternoon.,partly-cloudy-day,"TRGW4,72576394053,KBFF,K1CW,72097999999,F1433,72566024028,SBFN1,WACLG,KTOR"
69361,2022-06-26,72,57.7,64.6,72,57.7,64.6,38.4,38.8,0,0,0,,0,0,25.3,15,99.2,1027.4,68.2,9.9,232.3,19.9,8,10,2022-06-26T05:21:10,2022-06-26T20:33:53,0.97,Partially cloudy,Partly cloudy throughout the day.,partly-cloudy-day,"72576394053,TRGW4,KBFF,K1CW,72097999999,72566024028,SBFN1,WACLG,KTOR"
69361,2022-06-27,91.9,52.1,71.6,87.7,52.1,70.4,42,38.9,0,0,0,,0,0,27.7,9.3,107.8,1020.9,0.1,9.9,361.1,31.2,10,10,2022-06-27T05:21:33,2022-06-27T20:33:54,0.99,Clear,Clear conditions throughout the day.,clear-day,"TRGW4,72576394053,KBFF,K1CW,72097999999,72566024028,SBFN1,WACLG,KTOR"
69361,2022-06-28,96,56,77.9,91.4,56,76.2,42.4,32.6,0,0,0,,0,0,25.3,10.6,152.5,1016.5,0.1,9.9,321,27.7,10,10,2022-06-28T05:21:58,2022-06-28T20:33:52,1,Clear,Clear conditions throughout the day.,clear-day,"TRGW4,72576394053,KBFF,K1CW,72097999999,F1433,72566024028,SBFN1,WACLG,KTOR"
69361,2022-06-29,98,65,82.3,93.6,65,80.6,43.5,26.7,0,0,0,,0,0,45,26.1,203.7,1010.9,8,9.8,176.5,15.3,10,30,2022-06-29T05:22:25,2022-06-29T20:33:48,0,Clear,Clear conditions throughout the day.,clear-day,"72576394053,KBFF,K1CW,72097999999,F1433,72566024028,KTOR"
69361,2022-06-30,89.8,61,74.9,86.9,61,74.1,50.7,46.9,0.57,100,16.67,rain,0,0,62.3,35.8,221.9,1013.1,10.7,9.3,206.9,17.9,8,10,2022-06-30T05:22:53,2022-06-30T20:33:42,0.01,Rain,Clear conditions throughout the day with late afternoon rain.,rain,"72576394053,TRGW4,KBFF,K1CW,72097999999,F1433,72566024028,SBFN1,WACLG,KTOR"
69361,2022-07-01,85.9,57.7,69.9,84.6,57.7,69.7,56.1,65.4,0.01,100,4.17,rain,0,0,49.4,17.1,182.3,1015.9,20.7,9.8,329.2,28.5,10,30,2022-07-01T05:23:23,2022-07-01T20:33:35,0.03,"Rain, Partially cloudy",Clearing in the afternoon with late afternoon rain.,rain,"TRGW4,72576394053,KBFF,K1CW,72097999999,72566024028,SBFN1,WACLG,KTOR"
69361,2022-07-02,91,59,73.8,88.3,59,73.2,55.3,57.5,0,0,0,rain,0,0,33.3,17.2,132.6,1012.9,0.2,9.9,347.5,29.9,10,30,2022-07-02T05:23:55,2022-07-02T20:33:24,0.05,Clear,Clear conditions throughout the day.,clear-day,"72576394053,TRGW4,KBFF,K1CW,72097999999,72566024028,SBFN1,WACLG,KTOR"
69361,2022-07-03,97,65.1,77.1,94.3,65.1,76.6,58.6,58.3,0.56,100,8.33,rain,0,0,42.3,19.5,129.3,1008.3,6.7,9.7,269,23.3,10,60,2022-07-03T05:24:28,2022-07-03T20:33:12,0.08,Rain,Clear conditions throughout the day with rain.,rain,"TRGW4,72576394053,KBFF,K1CW,72097999999,72566024028,SBFN1,WACLG,KTOR"
69361,2022-07-04,94.9,61.1,76.1,93,61.1,75.7,58.1,58.8,0,0,0,,0,0,49.5,22.8,210.6,1008.2,4.6,9.4,309.3,26.6,10,30,2022-07-04T05:25:02,2022-07-04T20:32:58,0.12,Clear,Clear conditions throughout the day.,clear-day,"TRGW4,72576394053,KBFF,K1CW,72097999999,72566024028,SBFN1,KTOR"
69361,2022-07-05,96,65,77.3,92.1,65,77.1,59.5,58.5,0,0,0,rain,0,0,38.4,23.6,111.3,1009.5,5.8,9.9,265.4,22.8,9,75,2022-07-05T05:25:38,2022-07-05T20:32:42,0.17,Clear,Clear conditions throughout the day.,clear-day,"TRGW4,72576394053,KBFF,K1CW,72097999999,72566024028,SBFN1,KTOR"
69361,2022-07-06,78.2,65.1,71.6,78.2,65.1,71.6,62,72.3,0,0,0,rain,0,0,12.1,10.2,93.9,1013.8,44.8,9.9,155,13.2,6,60,2022-07-06T05:26:16,2022-07-06T20:32:23,0.22,Partially cloudy,Partly cloudy throughout the day.,partly-cloudy-day,"TRGW4,72576394053,KBFF,K1CW,72097999999,F1433,72566024028,SBFN1,WACLG,KTOR"
69361,2022-07-07,88.1,60.9,73.2,88,60.9,73.3,60.5,66.9,0.03,100,8.33,rain,0,0,55.7,22.8,138.5,1014.3,17.1,9.9,285.7,24.8,10,60,2022-07-07T05:26:55,2022-07-07T20:32:02,0.27,Rain,Clear conditions throughout the day with late afternoon rain.,rain,"72576394053,TRGW4,KBFF,K1CW,72097999999,72566024028,SBFN1,WACLG,KTOR"
69361,2022-07-08,91.1,57.8,74.6,89.9,57.8,74.6,57.5,58,0,0,0,,0,0,31.1,16.1,134.4,1018,0.2,9.9,290.2,24.9,10,60,2022-07-08T05:27:35,2022-07-08T20:31:40,0.33,Clear,Clear conditions throughout the day.,clear-day,"TRGW4,72576394053,KBFF,K1CW,72097999999,72566024028,SBFN1,WACLG,KTOR"
69361,2022-07-09,103.9,65.9,83,99.2,65.9,82.2,56.9,50.4,0,0,0,,0,0,18.6,12.8,129.7,1015.1,0,9.6,354.9,30.8,10,100,2022-07-09T05:28:17,2022-07-09T20:31:15,0.38,Clear,Clear conditions throughout the day.,clear-day,"TRGW4,72576394053,KBFF,K1CW,72097999999,72566024028,SBFN1,WACLG,KTOR"
69361,2022-07-10,96,66.9,82.9,94.5,66.9,82.6,56.2,41.3,0,0,0,,0,0,35.8,18.3,220.9,1012,1.5,9.9,267.1,23.2,10,60,2022-07-10T05:28:59,2022-07-10T20:30:48,0.42,Clear,Clear conditions throughout the day.,clear-day,"TRGW4,72576394053,KBFF,K1CW,72097999999,F1433,72566024028,SBFN1,WACLG,KTOR"
69361,2022-07-11,84.8,64,74,82.5,64,73.5,51.8,48.2,0,0,0,,0,0,49,30.7,132,1017.1,30.4,9.9,334.8,29,10,10,2022-07-11T05:29:43,2022-07-11T20:30:19,0.46,Partially cloudy,Clearing in the afternoon.,wind,"TRGW4,72576394053,KBFF,K1CW,72097999999,F1433,72566024028,SBFN1,KTOR"
69361,2022-07-12,94.9,60.2,78.3,93.3,60.2,77.6,54.4,47,0,0,0,,0,0,35.8,14.8,109.8,1015,6.5,9.9,353.3,30.7,10,60,2022-07-12T05:30:29,2022-07-12T20:29:48,0.49,Clear,Clear conditions throughout the day.,clear-day,"72576394053,TRGW4,KBFF,K1CW,72097999999,F1433,72566024028,SBFN1,WACLG,KTOR"
69361,2022-07-13,98.1,63,80.9,94.3,63,79.6,53,44,0,0,0,,0,0,33.3,11.5,125.9,1012.1,5.7,9.9,346.3,29.9,10,30,2022-07-13T05:31:15,2022-07-13T20:29:15,0.5,Clear,Clear conditions throughout the day.,clear-day,"TRGW4,72576394053,KBFF,K1CW,72097999999,72566024028,SBFN1,KTOR"
69361,2022-07-14,102.6,66.9,84.3,98.8,66.9,83.1,54.3,40.3,0.02,100,4.17,rain,0,0,27.3,14.8,214.8,1012,4.4,9.9,323.5,28.2,10,30,2022-07-14T05:32:02,2022-07-14T20:28:40,0.51,Rain,Clear conditions throughout the day with early morning rain.,rain,"TRGW4,72576394053,KBFF,72097999999,F1433,K1CW,72566024028,SBFN1,KTOR"
69361,2022-07-15,97,69.1,79.7,97.2,69.1,79.5,58.9,51.3,0,0,0,rain,0,0,34.4,22.9,139.9,1015.1,23.6,9.9,220.3,19,10,60,2022-07-15T05:32:51,2022-07-15T20:28:03,0.53,Partially cloudy,Becoming cloudy in the afternoon.,partly-cloudy-day,"72576394053,TRGW4,KBFF,K1CW,72097999999,F1433,72566024028,SBFN1,WACLG,KTOR"
69361,2022-07-16,97.9,65.9,80.6,94.6,65.9,79.9,59.5,56.4,0,0,0,,0,0,20.8,12.7,210.4,1013.3,2.6,9.6,327,28.5,10,60,2022-07-16T05:33:40,2022-07-16T20:27:24,0.55,Clear,Clear conditions throughout the day.,clear-day,"72576394053,TRGW4,KBFF,K1CW,72097999999,F1433,72566024028,SBFN1,WACLG,KTOR"
69361,2022-07-17,101.8,62,82.3,97,62,81.1,54.9,47,0,0,0,,0,0,18.1,11.4,166.3,1012.8,0,9.9,337.3,29.2,10,30,2022-07-17T05:34:30,2022-07-17T20:26:43,0.6,Clear,Clear conditions throughout the day.,clear-day,"TRGW4,72576394053,KBFF,K1CW,72097999999,F1433,72566024028,SBFN1,WACLG,KTOR"
69361,2022-07-18,107.7,74.2,88.3,104.5,74.2,87,53.9,33.4,0,0,0,,0,0,38,14.1,198.3,1007.2,2.6,9.9,290.3,25,10,30,2022-07-18T05:35:22,2022-07-18T20:26:00,0.65,Clear,Clear conditions throughout the day.,clear-day,"TRGW4,72576394053,KBFF,K1CW,72097999999,F1433,72566024028,SBFN1,KTOR"
69361,2022-07-19,96.2,65.9,79.7,91.4,65.9,78,43,31.3,0,0,0,,0,0,26.4,14.9,253,1009.5,0.1,9.9,348.6,30.2,10,10,2022-07-19T05:36:14,2022-07-19T20:25:15,0.7,Clear,Clear conditions throughout the day.,clear-day,"TRGW4,72576394053,KBFF,K1CW,72097999999,F1433,72566024028,SBFN1,KTOR"
69361,2022-07-20,97,56.1,77.5,93.2,56.1,76,46.4,38.8,0,0,0,,0,0,21.9,10.3,153.9,1013.2,0,9.9,337.2,29.2,10,10,2022-07-20T05:37:06,2022-07-20T20:24:28,0.75,Clear,Clear conditions throughout the day.,clear-day,"TRGW4,72576394053,KBFF,K1CW,72097999999,F1433,72566024028,SBFN1,WACLG,KTOR"
69361,2022-07-21,98.9,59,80.9,96.1,59,79.9,51.2,38.4,0,0,0,,0,0,27.1,16,106.9,1010.4,0.1,9.9,330.4,28.6,10,60,2022-07-21T05:38:00,2022-07-21T20:23:40,0.8,Clear,Clear conditions throughout the day.,clear-day,"TRGW4,72576394053,KBFF,72097999999,F1433,K1CW,72566024028,SBFN1,WACLG,KTOR"
69361,2022-07-22,98.9,61,80.9,95.2,61,79.4,50.4,39.8,0,0,0,,0,0,27.7,13,128,1009.9,0.2,9.9,337.8,29.3,10,15,2022-07-22T05:38:54,2022-07-22T20:22:49,0.85,Clear,Clear conditions throughout the day.,clear-day,"TRGW4,72576394053,KBFF,K1CW,72097999999,F1433,72566024028,SBFN1,KTOR"
69361,2022-07-23,89.9,66.1,77.9,87.7,66.1,77.3,56.2,50.8,0.01,100,4.17,rain,0,0,34.6,21.7,163.4,1009.6,8.8,9.9,184,16,7,15,2022-07-23T05:39:50,2022-07-23T20:21:57,0.89,Rain,Clear conditions throughout the day with afternoon rain.,rain,"72576394053,TRGW4,KBFF,K1CW,72097999999,F1433,72566024028,SBFN1,WACLG,KTOR"
69361,2022-07-24,85.9,61.1,73.8,84.1,61.1,73.5,56.6,57.7,0,0,0,rain,0,0,38.1,16.2,155.5,1015.5,18.4,9.9,193.9,16.7,9,10,2022-07-24T05:40:45,2022-07-24T20:21:03,0.93,Clear,Clear conditions throughout the day.,clear-day,"TRGW4,72576394053,KBFF,K1CW,72097999999,F1433,72566024028,SBFN1,WACLG,KTOR"
69361,2022-07-25,91.1,64,77,89.1,64,76.5,58.6,57.1,0,0,0,rain,0,0,23,11.5,120,1011.8,32.4,9.9,314.1,27.2,10,30,2022-07-25T05:41:42,2022-07-25T20:20:07,0.96,Partially cloudy,Clearing in the afternoon.,partly-cloudy-day,"TRGW4,72576394053,KBFF,K1CW,72097999999,F1433,72566024028,SBFN1,KTOR"
69361,2022-07-26,87.2,64.9,75.2,85.4,64.9,74.6,57.9,60.1,0,0,0,,0,0,27.7,18.4,81.6,1012.9,34,8.2,288.8,24.7,9,60,2022-07-26T05:42:39,2022-07-26T20:19:09,0.98,Partially cloudy,Partly cloudy throughout the day.,partly-cloudy-day,"TRGW4,72576394053,KBFF,K1CW,72097999999,F1433,72566024028,SBFN1,WACLG,KTOR"
69361,2022-07-27,88,63,74.2,88.3,63,74.3,58.5,59.6,0.38,100,4.17,rain,0,0,39.1,14.9,100.1,1014.9,36,9.9,272.4,23.4,9,60,2022-07-27T05:43:36,2022-07-27T20:18:10,1,"Rain, Partially cloudy",Clearing in the afternoon with late afternoon rain.,rain,"72576394053,TRGW4,KBFF,72097999999,K1CW,72566024028,SBFN1,WACLG,KTOR"
69361,2022-07-28,80,62.9,69.2,80.7,62.9,69.2,59.3,72.3,0.01,100,4.17,rain,0,0,23.5,13.8,90.8,1017.9,42.2,9.9,189.1,16.1,9,30,2022-07-28T05:44:34,2022-07-28T20:17:09,1,"Rain, Partially cloudy",Partly cloudy throughout the day with early morning rain.,rain,"TRGW4,72576394053,KBFF,K1CW,72097999999,F1433,72566024028,SBFN1,WACLG,KTOR"
69361,2022-07-29,89,61.1,73.7,87.6,61.1,73.6,59.3,64.3,0,0,0,rain,0,0,34.4,18.4,136,1016.1,20.2,9.1,269.9,23.5,9,60,2022-07-29T05:45:32,2022-07-29T20:16:06,0,Partially cloudy,Clearing in the afternoon.,partly-cloudy-day,"TRGW4,72576394053,KBFF,K1CW,72097999999,F1433,72566024028,SBFN1,WACLG,KTOR"
69361,2022-07-30,96.9,59,77.2,94.7,59,76.6,57,56.2,0,0,0,,0,0,30,11.6,130.9,1013.2,8.4,9.9,302,26.2,9,30,2022-07-30T05:46:31,2022-07-30T20:15:02,0.01,Clear,Clear conditions throughout the day.,clear-day,"TRGW4,72576394053,KBFF,K1CW,72097999999,F1433,72566024028,SBFN1,WACLG,KTOR"
69361,2022-07-31,96,61.1,79.6,92.9,61.1,78.4,54.6,48,0,0,0,rain,0,0,21.9,10.5,154,1013,11.6,9.9,245.6,21.2,9,30,2022-07-31T05:47:30,2022-07-31T20:13:56,0.04,Clear,Clear conditions throughout the day.,clear-day,"TRGW4,72576394053,KBFF,K1CW,72097999999,F1433,72566024028,SBFN1,WACLG,KTOR"
69361,2022-08-01,101.8,62.1,80.1,98.5,62.1,79.1,54.8,47.2,0,0,0,,0,0,21.9,12.6,192.1,1010.6,0.1,9.9,299.9,25.9,9,30,2022-08-01T05:48:30,2022-08-01T20:12:49,0.07,Clear,Clear conditions throughout the day.,clear-day,"TRGW4,72576394053,KBFF,K1CW,72097999999,F1433,72566024028,SBFN1,WACLG,KTOR"
69361,2022-08-02,96,63.1,78.5,93.1,63.1,77.6,53.8,46.1,0,0,0,,0,0,39,20.7,257.5,1007.6,9.9,9.9,172.9,14.8,6,30,2022-08-02T05:49:30,2022-08-02T20:11:40,0.1,Clear,Clear conditions throughout the day.,clear-day,"TRGW4,72576394053,KBFF,K1CW,72097999999,F1433,72566024028,SBFN1,KTOR"
69361,2022-08-03,92,61,76.7,89.3,61,75.8,55.5,53.3,0,0,0,,0,0,18.3,10.2,175.4,1011.8,7.9,9.9,307.6,26.5,9,10,2022-08-03T05:50:30,2022-08-03T20:10:29,0.14,Clear,Clear conditions throughout the day.,clear-day,"TRGW4,72576394053,KBFF,K1CW,72097999999,F1433,72566024028,SBFN1,WACLG,KTOR"
69361,2022-08-04,101.8,66.1,84.6,99.7,66.1,83.6,55,41.2,0,0,0,,0,0,39.1,18.5,123,1010,3.4,9.9,278.9,24.1,9,30,2022-08-04T05:51:31,2022-08-04T20:09:18,0.2,Clear,Clear conditions throughout the day.,clear-day,"72576394053,TRGW4,KBFF,K1CW,72097999999,F1433,72566024028,SBFN1,WACLG,KTOR"
69361,2022-08-05,105.1,74.8,86.7,102.8,74.8,85.9,57.1,40.6,0.01,100,4.17,rain,0,0,38,25.2,180.1,1007.6,14.6,9.9,288,24.7,9,60,2022-08-05T05:52:31,2022-08-05T20:08:04,0.25,Rain,Clear conditions throughout the day with late afternoon rain.,rain,"72576394053,TRGW4,KBFF,K1CW,72097999999,F1433,72566024028,SBFN1,WACLG,KTOR"
69361,2022-08-06,86,65,73.6,86.1,65,73.6,58.9,61.1,0.03,100,4.17,rain,0,0,31.6,19.3,86.7,1013.5,37.1,9.8,238.1,20.4,9,10,2022-08-06T05:53:32,2022-08-06T20:06:49,0.31,"Rain, Partially cloudy",Partly cloudy throughout the day with early morning rain.,rain,"72576394053,TRGW4,KBFF,K1CW,72097999999,F1433,72566024028,SBFN1,WACLG,KTOR"
69361,2022-08-07,87.1,64.1,72.9,85.3,64.1,72.6,56.2,58.4,0,0,0,rain,0,0,25.3,15,145.2,1016.7,39.4,9.9,258.2,22.4,10,10,2022-08-07T05:54:34,2022-08-07T20:05:33,0.36,Partially cloudy,Partly cloudy throughout the day.,partly-cloudy-day,"TRGW4,72576394053,KBFF,K1CW,F1433,72097999999,72566024028,SBFN1,WACLG,KTOR"
69361,2022-08-08,96,59.1,75.4,94.2,59.1,74.9,57.1,58.8,0,0,0,,0,0,28.9,13.7,121.8,1016.5,0.3,9.9,307.3,26.4,9,30,2022-08-08T05:55:35,2022-08-08T20:04:16,0.41,Clear,Clear conditions throughout the day.,clear-day,"TRGW4,72576394053,KBFF,K1CW,72097999999,F1433,72566024028,SBFN1,WACLG,KTOR"
69361,2022-08-09,98,63,79.4,95.7,63,78.9,57.2,52.1,0,0,0,,0,0,31.1,13.7,99.8,1015.3,0.2,9.9,316,27.3,10,60,2022-08-09T05:56:37,2022-08-09T20:02:57,0.45,Clear,Clear conditions throughout the day.,clear-day,"TRGW4,72576394053,KBFF,K1CW,72097999999,F1433,72566024028,SBFN1,WACLG,KTOR"
69361,2022-08-10,100,66.9,82.4,96.7,66.9,81.6,55.2,44.3,0,0,0,,0,0,33.3,15,103.1,1017.5,6.1,9.9,312.6,27.1,10,75,2022-08-10T05:57:38,2022-08-10T20:01:37,0.48,Clear,Clear conditions throughout the day.,clear-day,"TRGW4,72576394053,KBFF,K1CW,72097999999,F1433,72566024028,SBFN1,WACLG,KTOR"
69361,2022-08-11,99,70.9,84.3,97.3,70.9,83.4,53.9,37.3,0,0,0,,0,0,38,15.5,141.8,1014.8,1.2,9.9,314,27.2,9,30,2022-08-11T05:58:40,2022-08-11T20:00:16,0.5,Clear,Clear conditions throughout the day.,clear-day,"TRGW4,72576394053,KBFF,K1CW,72097999999,F1433,72566024028,SBFN1,KTOR"
69361,2022-08-12,97,65.8,82.1,95.5,65.8,81.6,54.9,41.1,0,0,0,,0,0,38.4,15.9,164.2,1014.4,2.2,9.9,276.5,24,9,30,2022-08-12T05:59:42,2022-08-12T19:58:53,0.5,Clear,Clear conditions throughout the day.,clear-day,"TRGW4,72576394053,KBFF,K1CW,72097999999,F1433,72566024028,SBFN1,KTOR"
69361,2022-08-13,93.8,66.7,78.4,92.7,66.7,78.1,59.6,56.1,0,0,0,rain,0,0,39,24.9,165.5,1015.5,27.2,9.9,229.6,19.9,9,30,2022-08-13T06:00:44,2022-08-13T19:57:30,0.52,Partially cloudy,Partly cloudy throughout the day.,partly-cloudy-day,"TRGW4,72576394053,KBFF,K1CW,72097999999,F1433,72566024028,SBFN1,WACLG,KTOR"
69361,2022-08-14,92,66.7,77.9,93.6,66.7,78.1,62,60.6,0,0,0,rain,0,0,52.9,16.1,153.2,1013,29.7,9.9,235.8,20.3,9,60,2022-08-14T06:01:46,2022-08-14T19:56:05,0.54,Partially cloudy,Clearing in the afternoon.,partly-cloudy-day,"72576394053,TRGW4,KBFF,K1CW,72097999999,F1433,72566024028,WACLG,KTOR"
69361,2022-08-15,83.8,65.9,73.7,83.6,65.9,73.6,61.7,69,0,0,0,rain,0,0,28.9,16.2,185.7,1014,34.5,9.9,236.3,20.5,9,30,2022-08-15T06:02:48,2022-08-15T19:54:39,0.58,Partially cloudy,Partly cloudy throughout the day.,partly-cloudy-day,"TRGW4,72576394053,KBFF,K1CW,72097999999,F1433,72566024028,SBFN1,KTOR"
69361,2022-08-16,86,59,71.7,84.1,59,71.4,57.9,66.4,0,0,0,,0,0,19.9,11.4,145.3,1017.2,18.4,9.2,275.4,23.7,9,30,2022-08-16T06:03:50,2022-08-16T19:53:12,0.62,Clear,Clear conditions throughout the day.,clear-day,"TRGW4,72576394053,KBFF,K1CW,72097999999,F1433,72566024028,SBFN1,WACLG,KTOR"
69361,2022-08-17,88,58.9,72,85,58.9,71.3,54.3,60.9,0,0,0,,0,0,31.5,17.2,114.2,1018.3,27.3,8,289.8,24.9,9,30,2022-08-17T06:04:53,2022-08-17T19:51:44,0.67,Partially cloudy,Clearing in the afternoon.,partly-cloudy-day,"TRGW4,72576394053,KBFF,K1CW,72097999999,72566024028,SBFN1,KTOR"
69361,2022-08-18,91.9,57.8,74.4,87.9,57.8,73.2,52.1,52.4,0,0,0,,0,0,26.6,13.7,103,1015.3,8.7,9.9,292.3,25.3,9,30,2022-08-18T06:05:55,2022-08-18T19:50:15,0.72,Clear,Clear conditions throughout the day.,clear-day,"TRGW4,72576394053,KBFF,K1CW,72097999999,F1433,72566024028,SBFN1,KTOR"
69361,2022-08-19,84.8,61,71.7,82,61,71.1,48.7,47.3,0,0,0,,0,0,20.8,12.6,134.7,1014.5,19.6,9.9,287,24.8,8,10,2022-08-19T06:06:57,2022-08-19T19:48:45,0.77,Clear,Clear conditions throughout the day.,clear-day,"72576394053,TRGW4,KBFF,K1CW,72097999999,72566024028,SBFN1,WACLG,KTOR"
69361,2022-08-20,87.1,52.1,69.6,84.5,52.1,69.1,49.1,51.7,0,0,0,,0,0,24.2,17.1,111.6,1016.6,8.5,9.9,292.5,25.3,9,10,2022-08-20T06:07:59,2022-08-20T19:47:14,0.82,Clear,Clear conditions throughout the day.,clear-day,"TRGW4,72576394053,KBFF,K1CW,72097999999,72566024028,SBFN1,WACLG,KTOR"
69361,2022-08-21,91.9,57.9,74.9,88.7,57.9,74,52,49.5,0,0,0,,0,0,25.3,15.1,127.5,1015.1,11.1,9.9,255.3,22.1,9,30,2022-08-21T06:09:01,2022-08-21T19:45:42,0.86,Clear,Clear conditions throughout the day.,clear-day,"TRGW4,72576394053,KBFF,AGTN1,K1CW,72097999999,72566024028,SBFN1,WACLG,KTOR"
69361,2022-08-22,92.9,59,75.4,89.2,59,74.5,53.5,52.2,0,0,0,,0,0,30,10.1,108,1014.7,0.3,9.9,301.1,26.2,10,30,2022-08-22T06:10:04,2022-08-22T19:44:09,0.9,Clear,Clear conditions throughout the day.,clear-day,"TRGW4,72576394053,KBFF,K1CW,72097999999,72566024028,SBFN1,WACLG,KTOR"
69361,2022-08-23,93.7,59,76.8,90.1,59,75.7,50.8,44.6,0,0,0,rain,0,0,21.9,13.9,144.6,1012.6,3.7,9.9,296.5,25.5,9,30,2022-08-23T06:11:06,2022-08-23T19:42:36,0.94,Clear,Clear conditions throughout the day.,clear-day,"TRGW4,72576394053,KBFF,K1CW,72566024028,SBFN1,WACLG,KTOR"
69361,2022-08-24,91,56.1,73.3,87.6,56.1,72.5,51.2,49.9,0,0,0,,0,0,38,24,160.8,1015.2,2.3,9.9,285.8,24.5,9,10,2022-08-24T06:12:08,2022-08-24T19:41:01,0.97,Clear,Clear conditions throughout the day.,clear-day,"TRGW4,KBFF,K1CW,SBFN1,WACLG,KTOR"
69361,2022-08-25,86,56,71.4,84.1,56,71.2,55.4,60.4,0,0,0,rain,0,0,30,17.1,126.5,1015.8,9.6,9.8,180.1,15.3,7,30,2022-08-25T06:13:10,2022-08-25T19:39:26,0.99,Clear,Clear conditions throughout the day.,clear-day,"TRGW4,KBFF,K1CW,SBFN1,WACLG,KTOR"
69361,2022-08-26,90.4,58.9,72,86.6,58.9,71.2,51.3,56.5,0,9.5,0,rain,0,0,35.3,23,243.4,1009.6,64.1,24.3,258.5,22.4,9,30,2022-08-26T06:14:12,2022-08-26T19:37:50,1,Partially cloudy,Partly cloudy throughout the day.,partly-cloudy-day,"KBFF,K1CW,WACLG,KTOR"
